αἰγιαλόν	αἰγιαλὸν
αἰγύπτιοι	αἰγύπτιον
αἰγύπτιοι	αἰγύπτιος
αἰγύπτιον	αἰγύπτιος
αἰνεῖν	αἰτεῖν
αἰνεῖτε	αἰτεῖτε
αἰνὼν	αἰνῶν
αἰνῶν	αἰτῶν
αἰσχρόν	αἰσχρὸν
αἰσχύνας	αἰσχύνης
αἰσχύνη	αἰσχύνῃ
αἰτήσας	αἰτήσῃς
αἰτήσασθε	αἰτήσεσθε
αἰτήσητέ	αἰτήσητε
αἰτίαν	αἰτίας
αἰτεῖν	αἰτεῖς
αἰτοῦντί	αἰτοῦντι
αἰτῶν	αὐτῶν
αἰτῶν	αὑτῶν
αἰωνίαν	αἰωνίων
αἰώνιον	αἰώνιος
αἰώνιος	αἰώνιός
αἰῶνα	αἰῶνι
αἰῶνας	αἰῶνος
αἰῶνας	αἰῶνός
αἰῶνος	αἰῶνός
αἱ	αἳ
αἱ	αἵ
αἱ	οἱ
αἱρέσεις	αἱρέσεως
αἳ	αἵ
αἳ	οἳ
αἴγυπτον	αἴγυπτος
αἴροντος	αἴροντός
αἴτιον	αἴτιος
αἵ	οἵ
αἵματί	αἵματι
αἵματος	αἵματός
αἵρεσιν	αἵρεσις
αἵτινες	οἵτινες
αἶνον	οἶνον
αἷμά	αἷμα
αἷς	εἷς
αἷς	οἷς
αὐγῆς	αὐλῆς
αὐγῆς	αὐτῆς
αὐθαίρετοι	αὐθαίρετος
αὐλήν	αὐλὴν
αὐλήν	αὐτήν
αὐλὴν	αὐτὴν
αὐλὸς	αὐλῆς
αὐλὸς	αὐτὸς
αὐλῆς	αὐτῆς
αὐλῇ	αὐτῇ
αὐξανόμενοι	αὐξανόμενον
αὐστηρός	αὐστηρὸς
αὐτά	αὐτό
αὐτά	αὐτὰ
αὐτά	αὐτὴ
αὐτά	αὐτὸ
αὐτά	αὐτῇ
αὐτά	αὐτῷ
αὐτάς	αὐτός
αὐτάς	αὐτὰς
αὐτάς	αὐτὸς
αὐτάς	αὐτῆς
αὐτήν	αὐτόν
αὐτήν	αὐτὴν
αὐτήν	αὐτὸν
αὐτήν	αὐτῶν
αὐταῖς	αὐτοῖς
αὐτοί	αὐτοὶ
αὐτοί	αὐτοῦ
αὐτούς	αὐτοὺς
αὐτούς	αὐτοῖς
αὐτούς	αὑτούς
αὐτοὶ	αὐτοῦ
αὐτοὺς	αὐτοῖς
αὐτοὺς	αὑτοὺς
αὐτοῦ	αὑτοῦ
αὐτό	αὐτὰ
αὐτό	αὐτὴ
αὐτό	αὐτὸ
αὐτό	αὐτῇ
αὐτό	αὐτῷ
αὐτόν	αὐτός
αὐτόν	αὐτὴν
αὐτόν	αὐτὸν
αὐτόν	αὐτῶν
αὐτός	αὐτὰς
αὐτός	αὐτὸς
αὐτός	αὐτῆς
αὐτὰ	αὐτὴ
αὐτὰ	αὐτὸ
αὐτὰ	αὐτῇ
αὐτὰ	αὐτῷ
αὐτὰς	αὐτὸς
αὐτὰς	αὐτῆς
αὐτὴ	αὐτὸ
αὐτὴ	αὐτῇ
αὐτὴ	αὐτῷ
αὐτὴν	αὐτὸν
αὐτὴν	αὐτῶν
αὐτὴν	αὑτὴν
αὐτὸ	αὐτῇ
αὐτὸ	αὐτῷ
αὐτὸν	αὐτὸς
αὐτὸν	αὐτῶν
αὐτὸν	αὑτὸν
αὐτὸς	αὐτῆς
αὐτῆς	αὑτῆς
αὐτῇ	αὐτῷ
αὐτῶν	αὑτῶν
αὐτῷ	αὑτῷ
αὑτούς	αὑτοὺς
αὑτὴν	αὑτὸν
αὑτὴν	αὑτῶν
αὑτὸν	αὑτῶν
αὗταί	αὗται
βάθη	βάρη
βάθη	πάθη
βάθη	ἰάθη
βάθος	βάρος
βάθος	πάθος
βάθους	βάτους
βάλε	βάλω
βάλε	βάλῃ
βάλετε	βάλητε
βάλλοντας	βάλλοντες
βάλλοντες	ψάλλοντες
βάλλουσαν	βάλλουσιν
βάλω	βάλῃ
βάλω	βάψω
βάλῃ	βάψῃ
βάρβαροι	βάρβαρος
βάρει	πάρει
βάσεις	ἰάσεις
βάψω	βάψῃ
βέλη	μέλη
βέλη	τέλη
βήματι	ῥήματι
βήματος	ῥήματος
βίαν	βίας
βίαν	βίον
βίαν	λίαν
βίαν	μίαν
βίας	βόας
βίβλος	βίβλου
βίον	βίου
βίου	χίου
βαθέα	βαρέα
βαθέως	βαρέως
βαθεῖ	βαλεῖ
βαλαάμ	βαλαὰμ
βαλεῖ	καλεῖ
βαλεῖ	λαλεῖ
βαλεῖν	καλεῖν
βαλεῖν	λαλεῖν
βαλοῦσα	καλοῦσα
βαλοῦσιν	λαλοῦσιν
βαπτίζει	βαπτίσει
βαπτίζειν	βαπτίζεις
βαπτίζοντες	βαπτίζοντος
βαπτισθέντες	βαπτισθέντος
βαπτισμοὺς	βαπτισμοῖς
βαπτιστήν	βαπτιστής
βαπτιστής	βαπτιστὴς
βαραββᾶν	βαραββᾶς
βαρθολομαῖον	βαρθολομαῖος
βαρναβᾶ	βαρναβᾷ
βαρναβᾶν	βαρναβᾶς
βασανιζόμενον	βασανιζόμενος
βασανισμὸν	βασανισμὸς
βασιλέων	βασιλέως
βασιλεία	βασιλείᾳ
βασιλείαν	βασιλείας
βασιλεύς	βασιλεὺς
βασιλεύς	βασιλεῖς
βασιλεὺς	βασιλεῖς
βασιλεῖ	βασιλεῦ
βασιλικός	βασιλικὸς
βασιλικός	βασιλικῆς
βασιλικὴν	βασιλικὸν
βασιλικὸν	βασιλικὸς
βασιλικὸς	βασιλικῆς
βαστάζει	βαστάσει
βαστάζειν	βαστάζεις
βαστάζοντες	βαστάζοντος
βαστάσαι	βαστάσει
βαστάσασά	βαστάσασι
βεβήλοις	βεβήλους
βεβλημένην	βεβλημένον
βεβλημένον	βεβλημένος
βενιαμίν	βενιαμὶν
βηθανία	βηθανίᾳ
βηθανίαν	βηθανίας
βηθσαϊδά	βηθσαϊδὰ
βιβλία	βιβλίῳ
βιβλίον	βιβλίου
βιθυνίαν	βιθυνίας
βιωτικά	βιωτικὰ
βλάσφημοι	βλάσφημον
βλέπε	βλέπω
βλέπε	βλέπῃ
βλέπειν	βλέπεις
βλέπετε	βλέψετε
βλέποντας	βλέποντες
βλέπω	βλέπῃ
βλασφημίαι	βλασφημίαν
βλασφημίαι	βλασφημίας
βλασφημίαν	βλασφημίας
βλασφημεῖν	βλασφημεῖς
βλασφημοῦντας	βλασφημοῦντες
βλασφημῆσαι	βλασφημῆται
βληθήσεται	κληθήσεται
βληθήσῃ	κληθήσῃ
βληθεὶς	κληθεὶς
βληθὲν	κληθὲν
βληθῆναι	κληθῆναι
βουλευτής	βουλευτὴς
βουλόμενοι	βουλόμενος
βουλόμενος	βουλόμενός
βουλὰς	βουλῆς
βουλὴ	βουλῇ
βούλεται	βούληται
βούλομαί	βούλομαι
βοῦν	βοῦς
βοῦν	βοῶν
βοῦν	νοῦν
βοῦν	χοῦν
βοῦς	νοῦς
βοῶντες	βοῶντος
βρέχει	τρέχει
βρέχῃ	τρέχῃ
βραχέων	βραχίων
βραχύ	βραχὺ
βρονταί	βρονταὶ
βροντὴν	βροντῶν
βρωμάτων	ἀρωμάτων
βρώματί	βρώματα
βρώματα	ἀρώματα
βρῶμά	βρῶμα
βρῶσιν	βρῶσις
βόας	βόες
βόας	βόος
βόες	βόος
βῆμα	ῥῆμα
γάμον	γάμος
γάμον	γάμου
γάμον	γάμων
γάμον	γάϊον
γάμον	γέμον
γάμον	γόμον
γάμον	σάμον
γάμος	γάμου
γάμος	γάϊος
γάρ	γὰρ
γάϊον	γάϊος
γέγοναν	γέγονας
γέγοναν	γέγονεν
γέμει	γένει
γέμον	γόμον
γένει	μένει
γένηταί	γένηται
γένοιτο	γένοιτό
γένος	ξένος
γένους	ξένους
γένωνται	γίνωνται
γέρων	δέρων
γέρων	φέρων
γήρει	τήρει
γαλατίαν	γαλατίας
γαλιλαία	γαλιλαίᾳ
γαλιλαίαν	γαλιλαίας
γαλιλαίαν	γαλιλαίων
γαλιλαῖοι	γαλιλαῖος
γαλιλαῖος	γαλιλαῖός
γαμήσας	γαμήσῃς
γε	γῆ
γε	γῇ
γε	με
γε	σε
γε	τε
γείτονας	γείτονες
γεγέννημαι	γεγέννηται
γεγεννημένον	γεγεννημένος
γεγεννημένον	γεγεννημένου
γεγεννημένος	γεγεννημένου
γεγονός	γεγονὸς
γεγονός	γεγονὼς
γεγονότας	γεγονότες
γεγονὸς	γεγονὼς
γεγραμμένας	γεγραμμένος
γεγραμμένην	γεγραμμένον
γεγραμμένην	γεγραμμένων
γεγραμμένοι	γεγραμμένον
γεγραμμένοι	γεγραμμένος
γεγραμμένον	γεγραμμένος
γεγραμμένον	γεγραμμένων
γεθσημανί	γεθσημανὶ
γεμίσαι	γεμίσας
γενέσθω	γινέσθω
γενεαί	γενεαὶ
γενεὰ	γενεᾷ
γενεὰν	γενεὰς
γενεὰν	γενεῶν
γενεὰς	γενεᾶς
γενηθέντας	γενηθέντες
γεννησαρέτ	γεννησαρὲτ
γεννῶσα	γεννῶσι
γενομένην	γενομένης
γενομένην	γενομένων
γενομένης	γινομένης
γενομένοις	γινομένοις
γενομένου	γινομένου
γενομένων	γινομένων
γενόμενα	γινόμενα
γενόμεναι	γενόμενοι
γενόμεναι	γινόμεναι
γενόμενοι	γενόμενον
γενόμενοι	γενόμενος
γενόμενοι	γινόμενοι
γενόμενον	γενόμενος
γενόμενον	γινόμενον
γενώμεθα	γινώμεθα
γεωργούς	γεωργοὺς
γεωργούς	γεωργοῖς
γεωργοὺς	γεωργοῖς
γεωργός	γεωργὸς
γεωργὸν	γεωργὸς
γεωργὸν	γεωργῶν
γεύσασθαι	ψεύσασθαι
γινομένας	γινομένης
γινομένη	γινομένῃ
γινόμεναι	γινόμενοι
γινόμενοι	γινόμενον
γινώσκειν	γινώσκεις
γινώσκετε	γινώσκητε
γινώσκομεν	γινώσκωμεν
γινώσκω	γινώσκῃ
γλυκύ	γλυκὺ
γλώσσας	γλώσσης
γλῶσσά	γλῶσσα
γλῶσσάν	γλῶσσαν
γλῶσσαι	γλῶσσαν
γνωρίζω	γνωρίσω
γνωρίσαι	γνωρίσας
γνωρίσαι	γνωρίσει
γνωρίσω	γνωρίσῃ
γνωστὸν	γνωστὸς
γνόντα	ἐνόντα
γνώμην	γνώμης
γνώμῃ	γνώσῃ
γνῶ	γνῷ
γνῶ	ἀνῶ
γνῶναί	γνῶναι
γνῶσιν	γνῶσις
γολγοθα	γολγοθᾶ
γονεῖς	φονεῖς
γράμματα	γράμματι
γράφε	γράφω
γράφω	γράψω
γράψαι	γράψας
γράψας	γράψῃς
γραμματεύς	γραμματεὺς
γραμματεύς	γραμματεῖς
γραμματεὺς	γραμματεῖς
γραφάς	γραφὰς
γραφάς	γραφῆς
γραφή	γραφὴ
γραφή	γραφῇ
γραφήν	γραφὴν
γραφήν	γραφῶν
γραφαί	γραφαὶ
γραφὰς	γραφῆς
γραφὴ	γραφῇ
γραφὴν	γραφῶν
γρηγοροῦντας	γρηγοροῦντες
γυμνήν	γυμνὸν
γυμνοὶ	γυμνοῦ
γυμνός	γυμνὸς
γυμνὸν	γυμνὸς
γυνή	γυνὴ
γυναικί	γυναικὶ
γυναικός	γυναικὸς
γυναικὶ	γυναιξὶ
γυναιξίν	γυναιξὶν
γυναῖκά	γυναῖκα
γυναῖκές	γυναῖκας
γυναῖκές	γυναῖκες
γυναῖκας	γυναῖκες
γόμον	νόμον
γόνατά	γόνατα
γὰδ	γὰρ
γῆ	γῇ
γῆν	γῆς
γῆν	ζῆν
γῆς	σῆς
γῆς	τῆς
γῇ	ζῇ
γῇ	θῇ
γῇ	σῇ
γῇ	τῇ
δ	ἃ
δ	ἅ
δ	ἡ
δ	ἢ
δ	ἣ
δ	ἤ
δ	ἥ
δ	ὁ
δ	ὃ
δ	ὅ
δ	ὦ
δ	ᾖ
δ	ᾗ
δ	ᾧ
δέ	δή
δέ	δι
δέ	δὲ
δέ	δὴ
δέ	δῷ
δέ	μέ
δέ	σέ
δέδεμαι	δέδεσαι
δέδεμαι	δέδεται
δέδεσαι	δέδεται
δέδεται	δέδοται
δέδεται	δέχεται
δέδοται	δίδοται
δέδωκάς	δέδωκας
δέδωκέν	δέδωκεν
δέησίς	δέησις
δέησιν	δέησις
δέκατον	δέκατος
δένδρον	δένδρων
δέξασθέ	δέξασθε
δέξηται	δέχηται
δέξωνταί	δέξωνται
δέξωνται	δέχωνται
δέομαί	δέομαι
δέον	νέον
δέρει	μέρει
δέρει	φέρει
δέροντες	φέροντες
δέρων	φέρων
δέσμιοι	δέσμιον
δέσμιοι	δέσμιος
δέσμιον	δέσμιος
δέχεται	δέχηται
δέχονται	δέχωνται
δέῃ	δώῃ
δή	δι
δή	δὲ
δή	δὴ
δή	δῷ
δή	μή
δήσας	δήσῃς
δήσατε	δήσητε
δήσουσιν	δώσουσιν
δήσουσιν	ζήσουσιν
δήσῃ	δώσῃ
δήσῃ	ζήσῃ
δία	δίς
δία	μία
δίδωσίν	δίδωσιν
δίκαια	δίκαιε
δίκαιαι	δίκαιοι
δίκαιοι	δίκαιον
δίκαιοι	δίκαιος
δίκαιον	δίκαιος
δίκαιον	δίκαιόν
δίκαιος	δίκαιός
δίκαιόν	δίκαιός
δίκη	νίκη
δίς	δός
δίς	δὶς
δίς	δὸς
δίς	δῷς
δίς	κίς
δίς	τίς
δίστομον	δίστομος
δίψυχοι	δίψυχος
δαιμονιζόμενοι	δαιμονιζόμενον
δαιμονιζόμενοι	δαιμονιζόμενος
δαιμονιζόμενον	δαιμονιζόμενος
δαιμονισθείς	δαιμονισθεὶς
δαμασκόν	δαμασκὸν
δαρήσεται	χαρήσεται
δαυίδ	δαυὶδ
δεήθητε	δεήθητι
δεήσεις	δεήσεως
δεήσεσίν	δεήσεσιν
δεδεμένην	δεδεμένον
δεδεμένην	δεδομένην
δεδεμένον	δεδεμένος
δεδεμένον	δεδομένον
δεδικαίωμαι	δεδικαίωται
δεδομένην	δεδομένον
δεδόξασμαι	δεδόξασται
δεθῆναι	δοθῆναι
δεθῆναι	τεθῆναι
δεικνύειν	δεικνύεις
δεκαοκτώ	δεκαοκτὼ
δεκτήν	δεκτόν
δεκτόν	δεκτός
δεκτός	δεκτὸς
δεξάμενοι	δεξάμενος
δεξιά	δεξιὰ
δεξιά	δεξιᾷ
δεξιόν	δεξιὰν
δεξιόν	δεξιὸν
δεξιόν	δεξιῶν
δεξιὰ	δεξιᾷ
δεξιὰν	δεξιὰς
δεξιὰν	δεξιὸν
δεξιὰν	δεξιῶν
δεξιὰς	δεξιὸς
δεξιὰς	δεξιᾶς
δεξιὸν	δεξιὸς
δεξιὸν	δεξιῶν
δεξιὸς	δεξιᾶς
δεσμίοις	δεσμίους
δεσμούς	δεσμοῖς
δεσμῶν	δυσμῶν
δεσπότας	δεσπότης
δεσπότην	δεσπότης
δευτέρα	δευτέρᾳ
δευτέρα	δευτέρῳ
δευτέραν	δευτέρας
δευτέρᾳ	δευτέρῳ
δεόμενοι	δεόμενος
δεύτερον	δεύτερος
δεύτερος	δεύτερός
δεῖ	δοῖ
δεῖν	πεῖν
δεῖξον	δεῖξόν
δηλοῖ	ζηλοῖ
δι	δὲ
δι	δὴ
δι	δῷ
δι	τι
διά	διό
διά	διὰ
διά	διὸ
διάβολοι	διάβολον
διάβολοι	διάβολος
διάβολον	διάβολος
διάβολος	διάβολός
διάκονοι	διάκονον
διάκονοι	διάκονος
διάκονον	διάκονος
διάκονος	διάκονός
διέθετο	διέθετό
διέρχομαι	διέρχωμαι
διέτριβεν	διέτριβον
διήνοιγεν	διήνοιξεν
διαθήκη	διαθήκῃ
διαθήκην	διαθήκης
διακονία	διακονίᾳ
διακονίαν	διακονίας
διακονίας	διακοσίας
διακόνει	διηκόνει
διακόνοις	διακόνους
διαλεγόμενον	διαλεγόμενος
διαλογίζεσθε	διελογίζεσθε
διαλογισμοί	διαλογισμοὶ
διαλογισμοί	διαλογισμοῦ
διαλογισμοὶ	διαλογισμοῦ
διαλογισμοὺς	διαλογισμοῖς
διαλογισμὸν	διαλογισμὸς
διαλογισμὸν	διαλογισμῶν
διαμεριζόμεναι	διαμεριζόμενοι
διαπεράσαντες	διαπεράσαντος
διαρπάσαι	διαρπάσει
διαστολή	διαστολὴ
διατεταγμένον	διατεταγμένος
διδάξαι	διδάξει
διδάσκαλοι	διδάσκαλον
διδάσκαλοι	διδάσκαλος
διδάσκαλον	διδάσκαλος
διδάσκειν	διδάσκεις
διδάσκοντες	διδάσκοντος
διδάσκω	διδάσκῃ
διδασκαλία	διδασκαλίᾳ
διδασκαλίαν	διδασκαλίας
διδαχή	διδαχὴ
διδαχή	διδαχῇ
διδαχὴ	διδαχῇ
διδόναι	διδόντι
διδόντα	διδόντι
διδόντες	διδόντος
διδῶ	διψῶ
διερχόμενον	διερχόμενος
διεστραμμένα	διεστραμμένη
διετίαν	διετίας
διηνεκές	διηνεκὲς
δικαία	δικαίῳ
δικαίαν	δικαίας
δικαίαν	δικαίων
δικαίας	δικαίως
δικαίοις	δικαίους
δικαίων	δικαίως
δικαιοσύνη	δικαιοσύνῃ
δικαιοσύνην	δικαιοσύνης
δικαιώματά	δικαιώματα
δικαστήν	δικαστὴν
διχοστασίαι	διχοστασίας
διψᾷ	διψῶ
διψῶντα	διψῶντι
διωγμοὺς	διωγμοῖς
διωγμὸν	διωγμὸς
διωγμὸν	διωγμῶν
διό	διὰ
διό	διὸ
διώκετε	διώξετε
διώκοντας	διώκοντες
διώκωσιν	διώξωσιν
διώξετε	διώξητε
διὰ	διὸ
διῆλθεν	διῆλθον
δοθεῖσάν	δοθεῖσαν
δοθῇ	δοκῇ
δοκεῖν	δοκεῖς
δοκιμάζει	δοκιμάσει
δοκιμάζειν	δοκιμάζεις
δοκιμάσαι	δοκιμάσει
δοκιμήν	δοκιμὴν
δοκιμὴ	δοκιμῇ
δοκοῦντες	δολοῦντες
δοκόν	δοκὸν
δοκόν	δοκῶν
δοκὸν	δοκὸς
δοκὸν	δοκῶν
δοκῇ	δοκῶ
δοξάζεται	δοξάζηται
δοξάζω	δοξάσω
δοξάσαι	δοξάσει
δοξάσω	δοξάσῃ
δουλείαν	δουλείας
δούλας	δούλης
δούλη	δούλῳ
δούλοις	δούλους
δούς	δοὺς
δούς	πούς
δούς	σούς
δοὺς	τοὺς
δοῦλα	δοῦλε
δοῦλοί	δοῦλοι
δοῦλοί	δοῦλον
δοῦλοί	δοῦλος
δοῦλοι	δοῦλον
δοῦλοι	δοῦλος
δοῦλον	δοῦλος
δοῦλον	δοῦλόν
δοῦλος	δοῦλός
δοῦλόν	δοῦλός
δοῦναί	δοῦναι
δράκοντα	δράκοντι
δρέπανον	δρέπανόν
δυνάμεθά	δυνάμεθα
δυνάμεθά	δυνάμενά
δυνάμεθα	δυνάμενα
δυνάμεις	δυνάμεως
δυνάμενά	δυνάμενα
δυνάμεναι	δυνάμενοι
δυνάμενοι	δυνάμενον
δυνάμενοι	δυνάμενος
δυνάμενον	δυνάμενος
δυνάμεων	δυνάμεως
δυνάστας	δυνάστης
δυνήσεταί	δυνήσεται
δυναμένη	δυναμένῳ
δυνατά	δυνατὰ
δυνατοί	δυνατοὶ
δυνατόν	δυνατός
δυνατόν	δυνατὸν
δυνατός	δυνατὸς
δυνατὸν	δυνατὸς
δυσί	δυσὶ
δυσίν	δυσὶν
δυσίν	κυσίν
δωμάτων	σωμάτων
δωρεάν	δωρεὰν
δωρεὰ	δωρεᾷ
δόκιμοι	δόκιμον
δόκιμοι	δόκιμος
δόκιμον	δόκιμος
δόλον	δόλος
δόλον	δόλου
δόλον	δῆλον
δόλος	δόλου
δόμα	δόξα
δόμα	δῶμα
δόμα	πόμα
δόξα	δόξω
δόξα	δόξῃ
δόξαν	δόξας
δόξας	δόξης
δόξω	δόξῃ
δόξω	δότω
δός	δὶς
δός	δὸς
δός	δῷς
δόσεως	δύσεως
δόσις	πόσις
δότε	δότω
δότε	δῶτε
δότε	πότε
δότε	τότε
δύναμίν	δύναμιν
δύναμαί	δύναμαι
δύναμαί	δύνασαί
δύναμαί	δύναταί
δύναμαι	δύνασαι
δύναμαι	δύναται
δύναμιν	δύναμις
δύνανταί	δύνανται
δύνανται	δύνωνται
δύνασαί	δύνασαι
δύνασαί	δύναταί
δύνασαι	δύναται
δύναταί	δύναται
δύναται	δύνηται
δύσεως	φύσεως
δώματος	σώματος
δώσει	ζώσει
δώσει	σώσει
δώσεις	σώσεις
δώσω	δώσῃ
δώσω	σώσω
δὲ	δὴ
δὲ	δῷ
δὲ	σὲ
δὴ	δῷ
δὴ	μὴ
δὴ	νὴ
δὶς	δὸς
δὶς	δῷς
δὸς	δῷς
δὸς	σὸς
δὸς	ἰὸς
δῆλον	δῆλόν
δῆλον	δῆμον
δῆλον	ζῆλον
δῆμον	δῆμος
δῶμα	δῶρα
δῶμα	σῶμα
δῶμεν	ζῶμεν
δῶμεν	θῶμεν
δῶρά	δῶρα
δῶρον	δῶρόν
δῶρον	χῶρον
δῶσιν	ζῶσιν
δῷ	σῷ
δῷ	τῷ
εἰ	εἴ
εἰ	εἶ
εἰ	εὖ
εἰδωλόθυτον	εἰδωλόθυτόν
εἰδόσι	εἰδότι
εἰδότα	εἰδότι
εἰδότας	εἰδότες
εἰδώς	εἰδὼς
εἰδώς	εἰδῇς
εἰδὼς	εἰδῇς
εἰκόνα	εἰκόνι
εἰκὼν	εἰπὼν
εἰμί	εἰμι
εἰμί	εἰμὶ
εἰμι	εἰμὶ
εἰμὶ	εἰσὶ
εἰπέ	εἰπὲ
εἰπέ	εἶπέ
εἰπόν	εἰπών
εἰπόν	εἰπὸν
εἰπόν	εἰπὼν
εἰπόν	εἶπόν
εἰπόντες	εἰπόντος
εἰπών	εἰπὸν
εἰπών	εἰπὼν
εἰπὸν	εἰπὼν
εἰρήνη	εἰρήνῃ
εἰρήνην	εἰρήνης
εἰρηκέναι	εὑρηκέναι
εἰς	εἴς
εἰς	εἷς
εἰσέλθατε	εἰσέλθητε
εἰσέλθατε	εἰσήλθατε
εἰσέρχεσθε	εἰσέρχησθε
εἰσήγαγεν	εἰσήγαγον
εἰσίν	εἰσιν
εἰσίν	εἰσὶν
εἰσελθόντα	εἰσελθόντι
εἰσελθόντες	εἰσελθόντος
εἰσερχόμενοι	εἰσερχόμενον
εἰσερχόμενοι	εἰσερχόμενος
εἰσερχόμενον	εἰσερχόμενος
εἰσιν	εἰσὶν
εἰσπορευόμεναι	εἰσπορευόμενοι
εἰσπορευόμενοι	εἰσπορευόμενον
εἰσπορευόμενοι	εἰσπορευόμενος
εἰσπορευόμενον	εἰσπορευόμενος
εἰσῆλθεν	εἰσῆλθες
εἰσῆλθεν	εἰσῆλθον
εἰσῆλθεν	εἰσῆλθόν
εἰσῆλθον	εἰσῆλθόν
εἴ	εἶ
εἴ	εὖ
εἴα	εἴη
εἴα	εἴς
εἴα	εὕα
εἴασαν	εἴασεν
εἴδαμεν	εἴδομεν
εἴδαμεν	εἴξαμεν
εἴδαμεν	οἴδαμεν
εἴδετε	εἴχετε
εἴδομέν	εἴδομεν
εἴδομεν	εἴχομεν
εἴδωλον	εἴδωλόν
εἴη	εἴς
εἴπας	εἴπῃς
εἴπας	εἶπας
εἴπατέ	εἴπατε
εἴπατέ	εἴπητέ
εἴπατε	εἴπητε
εἴπητέ	εἴπητε
εἴπω	εἴπῃ
εἴρηκέν	εἴρηκαν
εἴρηκέν	εἴρηκεν
εἴρηκα	εὕρηκα
εἴρηκαν	εἴρηκας
εἴρηκαν	εἴρηκεν
εἴς	εἷς
εἴσοδον	εἴσοδος
εἵλκυσαν	εἵλκυσεν
εἶ	εὖ
εἶδές	εἶδες
εἶδές	εἶδος
εἶδαν	εἶδεν
εἶδαν	εἶδον
εἶδαν	εἶδόν
εἶδαν	εἶπαν
εἶδεν	εἶδες
εἶδεν	εἶδον
εἶδεν	εἶδόν
εἶδεν	εἶπεν
εἶδεν	εἶχεν
εἶδεν	οἶδεν
εἶδες	εἶδος
εἶδες	εἶπες
εἶδες	εἶχες
εἶδον	εἶδος
εἶδον	εἶδόν
εἶδον	εἶπον
εἶδον	εἶχον
εἶδόν	εἶπόν
εἶναί	εἶναι
εἶπέ	εἶπα
εἶπέ	εἶπε
εἶπέν	εἶπαν
εἶπέν	εἶπεν
εἶπέν	εἶπον
εἶπέν	εἶπόν
εἶπέν	εἶχέν
εἶπα	εἶπε
εἶπα	εἶτα
εἶπαν	εἶπας
εἶπαν	εἶπεν
εἶπαν	εἶπον
εἶπαν	εἶπόν
εἶπας	εἶπες
εἶπε	εἶχε
εἶπεν	εἶπες
εἶπεν	εἶπον
εἶπεν	εἶπόν
εἶπεν	εἶχεν
εἶπες	εἶχες
εἶπον	εἶπόν
εἶπον	εἶχον
εἶχέν	εἶχεν
εἶχέν	εἶχον
εἶχεν	εἶχες
εἶχεν	εἶχον
εἷς	οἷς
εὐάρεστοι	εὐάρεστον
εὐάρεστοι	εὐάρεστος
εὐάρεστον	εὐάρεστος
εὐάρεστον	εὐάρεστόν
εὐαγγέλιον	εὐαγγέλιόν
εὐαγγελίζεται	εὐαγγελίζηται
εὐαγγελίζομαι	εὐαγγελίζωμαι
εὐαγγελίζωμαι	εὐαγγελίσωμαι
εὐαγγελίσασθαί	εὐαγγελίσασθαι
εὐαγγελιζόμενοι	εὐαγγελιζόμενος
εὐδοκίαν	εὐδοκίας
εὐδόκησαν	εὐδόκησας
εὐδόκησαν	εὐδόκησεν
εὐδόκησεν	ηὐδόκησεν
εὐθείαν	εὐθείας
εὐθείαν	εὐθεῖαν
εὐθύς	εὐθὺς
εὐκαίρουν	ηὐκαίρουν
εὐκοπώτερον	εὐκοπώτερόν
εὐλαβής	εὐλαβὴς
εὐλογία	εὐλογίᾳ
εὐλογίαν	εὐλογίας
εὐλογημένοι	εὐλογημένος
εὐλόγηκεν	εὐλόγησεν
εὐνοῦχοι	εὐνοῦχος
εὐσεβεῖν	εὐσεβεῖς
εὐσεβὴς	εὐσεβῶς
εὐσχημόνων	εὐσχημόνως
εὐφράνθητε	εὐφράνθητι
εὐχήν	εὐχὴν
εὐχαριστία	εὐχαριστίᾳ
εὐχαριστίαν	εὐχαριστίας
εὐχαριστεῖν	εὐχαριστεῖς
εὐχαριστοῦμέν	εὐχαριστοῦμεν
εὑρήσετέ	εὑρήσετε
εὑρεθῇ	εὑρεθῶ
εὑρών	εὑρὼν
εὔθετον	εὔθετόν
εὔθετόν	εὔθετός
εὔχρηστον	εὔχρηστος
εὕραμεν	εὕρομεν
εὕραμεν	εὕρωμεν
εὕρηκά	εὕρηκα
εὕρισκον	ηὕρισκον
εὕροιεν	εὕρομεν
εὕρομεν	εὕρωμεν
εὕρω	εὕρῃ
εὗρεν	εὗρες
εὗρεν	εὗρον
εὗρεν	εὗρόν
εὗρον	εὗρόν
ζάρα	θάρα
ζέων	ζῴων
ζέων	λέων
ζήσει	ζήτει
ζήσει	ζώσει
ζήσει	θήσει
ζήσομεν	ζήσωμεν
ζήσω	ζήσῃ
ζήσω	θήσω
ζήτησιν	ζήτησις
ζήτησιν	ζήτησον
ζαχαρίαν	ζαχαρίας
ζεστός	ζεστὸς
ζηλοῦσιν	ζητοῦσιν
ζηλωταί	ζηλωταὶ
ζηλωτὴν	ζηλωτὴς
ζηλῶ	ζητῶ
ζημίαν	ζημίας
ζητήματά	ζητήματα
ζητήσεις	ζητήσεως
ζητεῖν	ζητεῖς
ζητεῖτέ	ζητεῖτε
ζητοῦντές	ζητοῦντες
ζητοῦσίν	ζητοῦσιν
ζιζάνιά	ζιζάνια
ζοροβαβέλ	ζοροβαβὲλ
ζυγόν	ζυγός
ζυγόν	ζυγὸν
ζωή	ζωὴ
ζωή	ζωῇ
ζωήν	ζωὴν
ζωὴ	ζωῇ
ζόφον	ζόφος
ζόφον	ζόφου
ζόφος	ζόφου
ζύμη	ζύμῃ
ζύμην	ζύμης
ζύμην	ῥύμην
ζώσει	σώσει
ζῆλον	ζῆλος
ζῆν	ζῶν
ζῇ	ζῶ
ζῇ	θῇ
ζῇ	σῇ
ζῇ	τῇ
ζῶ	θῶ
ζῶ	κῶ
ζῶμεν	θῶμεν
ζῶν	τῶν
ζῶντα	ζῶντι
ζῶντας	ζῶντες
ζῶντας	ζῶντος
ζῶντες	ζῶντος
ζῶσα	ζῶσι
ζῶσαι	ζῶσαν
ζῶσαι	σῶσαι
ζῶσαν	ζῶσιν
θά	θῇ
θά	θῶ
θά	σά
θά	τά
θάνατον	θάνατος
θάρα	θύρα
θέλει	θέλοι
θέλει	μέλει
θέλειν	θέλεις
θέλετέ	θέλετε
θέλετε	θέλητε
θέλημά	θέλημα
θέλοντές	θέλοντας
θέλοντές	θέλοντες
θέλοντές	θέλοντος
θέλοντί	θέλοντα
θέλοντί	θέλοντι
θέλοντα	θέλοντι
θέλοντας	θέλοντες
θέλοντας	θέλοντος
θέλοντες	θέλοντος
θέλω	θέλῃ
θέντες	θέντος
θέρος	μέρος
θέρος	ἀέρος
θήραν	θύραν
θήραν	πήραν
θήραν	χήραν
θαδδαῖον	θαδδαῖος
θαρροῦντας	θαρροῦντες
θαυμάζετε	θαυμάζητε
θαυμαστόν	θαυμαστὸν
θαυμαστὰ	θαυμαστὴ
θαῦμα	καῦμα
θεέ	θεῷ
θείας	λείας
θεασάμενοι	θεασάμενος
θελήματά	θελήματα
θελήματά	θελήματι
θελήματα	θελήματι
θελήσω	θελήσῃ
θεμέλιοι	θεμέλιον
θεμέλιοι	θεμέλιος
θεμέλιον	θεμέλιος
θεοί	θεοὶ
θεοί	θεοῦ
θεοὶ	θεοῦ
θεοὺς	θεοῖς
θερίζειν	θερίζεις
θερίσαι	θερίσει
θεραπείαν	θεραπείας
θερισμοῦ	μερισμοῦ
θερισμόν	θερισμός
θερισμόν	θερισμὸν
θερισμός	θερισμὸς
θερισμὸν	θερισμὸς
θερμαινόμενον	θερμαινόμενος
θεσσαλονίκην	θεσσαλονίκης
θεσσαλονικέων	θεσσαλονικέως
θεωρεῖν	θεωρεῖς
θεωρεῖτέ	θεωρεῖτε
θεωροῦντας	θεωροῦντες
θεωροῦντας	θεωροῦντος
θεωροῦντες	θεωροῦντος
θεωρῇ	θεωρῶ
θεόν	θεός
θεόν	θεὸν
θεός	θεὶς
θεός	θεὸς
θεός	θεᾶς
θεότητος	νεότητος
θεὶς	θεὸς
θεὶς	θεᾶς
θεὸν	θεὸς
θεὸς	θεᾶς
θεῖναι	μεῖναι
θηρία	θηρίῳ
θηρίον	θηρίου
θηρίον	θηρίων
θησαυρίζειν	θησαυρίζεις
θησαυροὶ	θησαυροῦ
θησαυρός	θησαυρὸς
θησαυρὸν	θησαυρὸς
θησαυρὸν	θησαυρῶν
θλίψεις	θλίψεως
θλίψεσίν	θλίψεσιν
θλίψεων	θλίψεως
θλῖψιν	θλῖψις
θνητὰ	θνητῇ
θνητὰ	θνητῷ
θνητῇ	θνητῷ
θρησκεία	θρησκείᾳ
θρόνοι	θρόνον
θρόνοι	θρόνος
θρόνοι	θρόνου
θρόνον	θρόνος
θρόνον	θρόνου
θρόνον	θρόνων
θρόνον	χρόνον
θρόνος	θρόνου
θρόνος	χρόνος
θρόνου	χρόνου
θρόνους	χρόνους
θρόνων	χρόνων
θρόνῳ	χρόνῳ
θυγάτριον	θυγάτριόν
θυγατέρας	θυγατέρες
θυγατρός	θυγατρὸς
θυμοί	θυμοῦ
θυμόν	θυμός
θυμόν	θυμὸν
θυμός	θυμὸς
θυμὸν	θυμὸς
θυρωρός	θυρωρὸς
θυσία	θυσίᾳ
θυσίαι	θυσίαν
θυσίαι	θυσίας
θυσίαν	θυσίας
θυσίαν	μυσίαν
θυσίας	λυσίας
θωμᾶν	θωμᾶς
θόρυβον	θόρυβος
θύεσθαι	ῥύεσθαι
θύουσιν	λύουσιν
θύρα	θύρᾳ
θύρα	μύρα
θύραι	θύραν
θύραι	θύρας
θύραν	θύρας
θύσατε	λύσατε
θύσῃ	λύσῃ
θώρακα	ἑώρακα
θώρακας	ἑώρακας
θῇ	θῶ
θῇ	σῇ
θῇ	τῇ
θῦσον	λῦσον
θῶ	κῶ
κάθημαι	κάθηται
κάθῃ	πάθῃ
κάλαμον	κάλαμος
κάλει	λάλει
κάμινον	κύμινον
κάμψει	λάμψει
κέκληκεν	κέκλικεν
κέκληταί	κέκληται
κέκλικεν	κέκρικεν
κέλευσον	κέλευσόν
κέρας	πέρας
κέρατα	πέρατα
κέρατα	τέρατα
κήπῳ	κόπῳ
κήρυγμά	κήρυγμα
κίς	τίς
καί	καθ
καί	κατ
καί	καὶ
καί	ναί
καίσαρά	καίσαρί
καίσαρά	καίσαρα
καίσαρά	καίσαρι
καίσαρί	καίσαρα
καίσαρί	καίσαρι
καίσαρα	καίσαρι
καθ	κατ
καθ	καὶ
καθήμεναι	καθήμενοι
καθήμενοι	καθήμενον
καθήμενοι	καθήμενος
καθήμενον	καθήμενος
καθίσαι	καθίσας
καθίσαι	καθίσει
καθίσαντες	καθίσαντος
καθαρά	καθαρὰ
καθαρά	καθαρᾷ
καθαρά	καθαρῷ
καθαρίσαι	καθαρίσας
καθαροί	καθαροὶ
καθαρόν	καθαρός
καθαρόν	καθαρὸν
καθαρός	καθαρὸς
καθαρός	καθαρᾶς
καθαρὰ	καθαρᾷ
καθαρὰ	καθαρῷ
καθαρὸν	καθαρὸς
καθαρὸς	καθαρᾶς
καθαρᾷ	καθαρῷ
καθεζόμενοι	καθεζόμενον
καθεζόμενοι	καθεζόμενος
καθεζόμενον	καθεζόμενος
καθεύδειν	καθεύδεις
καθεύδοντας	καθεύδοντες
καθημένην	καθημένης
καθημένην	καθημένων
καθημένοις	καθημένους
καθώς	καθὼς
καθὰ	καθὸ
καθὰ	κακὰ
καθὰ	καλὰ
καθὰ	κανὰ
καθὰ	κατὰ
καθῆκαν	καθῆκεν
καινά	καινή
καινά	καινὰ
καινά	καινὴ
καινά	καινῷ
καινά	κοινά
καινή	καινὰ
καινή	καινὴ
καινή	καινῷ
καινήν	καινόν
καινήν	καινὴν
καινήν	καινὸν
καιναῖς	κοιναῖς
καινούς	καινοὺς
καινοὺς	καιροὺς
καινοῦ	καιροῦ
καινοῦ	καπνοῦ
καινόν	καινὴν
καινόν	καινὸν
καινόν	καιρόν
καινόν	κοινόν
καινὰ	καινὴ
καινὰ	καινῷ
καινὴ	καινῷ
καινὴν	καινὸν
καινὴν	κοινὴν
καινὸν	καιρὸν
καινὸν	καπνὸν
καινὸν	κοινὸν
καινῆς	κοινῆς
καινῷ	καιρῷ
καιομένη	καιομένῃ
καιροὶ	καιροῦ
καιροὺς	καιροῖς
καιρόν	καιρός
καιρόν	καιρὸν
καιρόν	καιρῶν
καιρός	καιρὸς
καιρὸν	καιρὸς
καιρὸν	καιρῶν
καιόμεναι	καιόμενοι
καιόμενοι	καιόμενον
καιόμενοι	καιόμενος
καιόμενον	καιόμενος
κακά	κακὰ
κακά	κακῷ
κακά	κατά
κακά	ῥακά
κακήν	κακόν
κακήν	κακὸν
κακήν	κακῶν
κακήν	καλήν
κακία	κακίᾳ
κακίαν	κακίας
κακούς	κακοὺς
κακοὶ	κακοῦ
κακοὶ	καλοὶ
κακοὺς	καλοὺς
κακοῦ	καλοῦ
κακοῦργοι	κακοῦργος
κακόν	κακὸν
κακόν	κακῶν
κακόν	καλόν
κακὰ	κακῷ
κακὰ	καλὰ
κακὰ	κανὰ
κακὰ	κατὰ
κακὸν	κακὸς
κακὸν	κακῶν
κακὸν	καλὸν
κακὸς	κακῶς
κακὸς	καλὸς
κακῶν	κακῶς
κακῶν	καλῶν
κακῶς	καλῶς
κακῷ	καλῷ
καλέσαι	καλέσας
καλέσαντες	καλέσαντος
καλέσατε	καλέσητε
καλήν	καλόν
καλήν	καλὴν
καλήν	καλὸν
καλήν	καλῶν
καλεῖ	λαλεῖ
καλεῖν	λαλεῖν
καλεῖσθαι	λαλεῖσθαι
καλεῖτε	λαλεῖτε
καλουμένη	καλουμένῃ
καλουμένη	λαλουμένη
καλουμένην	καλουμένης
καλούμενον	καλούμενος
καλούμενον	λαλούμενον
καλοὶ	καλοῦ
καλοὺς	καλοῖς
καλοῦντες	καλοῦντος
καλοῦντες	λαλοῦντες
καλοῦντος	λαλοῦντος
καλόν	καλός
καλόν	καλὴν
καλόν	καλὸν
καλόν	καλῶν
καλός	καλὸς
καλός	καλῆς
καλός	καλῶς
καλὰ	καλῇ
καλὰ	καλῷ
καλὰ	κανὰ
καλὰ	κατὰ
καλὰ	σαλὰ
καλὴν	καλὸν
καλὴν	καλῶν
καλὸν	καλὸς
καλὸν	καλῶν
καλὸς	καλῆς
καλὸς	καλῶς
καλῆς	καλῶς
καλῇ	καλῷ
καλῇ	λαλῇ
καλῶν	καλῶς
καλῶν	λαλῶν
καναναῖον	καναναῖος
κανόνα	κανόνι
κανὰ	κατὰ
καπνὸν	καπνὸς
καππαδοκίαν	καππαδοκίας
καρδία	καρδίᾳ
καρδίαι	καρδίαν
καρδίαι	καρδίας
καρδίαν	καρδίας
καρπούς	καρποὺς
καρπόν	καρπός
καρπόν	καρπὸν
καρπόν	καρπῶν
καρπός	καρπὸς
καρπὸν	καρπὸς
καρπὸν	καρπῶν
κατ	καὶ
κατά	κατὰ
κατάλυμά	κατάλυμα
κατάπαυσίν	κατάπαυσιν
κατάραν	κατάρας
κατέκλιναν	κατέκριναν
κατέκριναν	κατέκρινεν
κατέλιπεν	κατέλιπον
κατέπαυσαν	κατέπαυσεν
κατέφαγεν	κατέφαγον
κατέφαγον	κατέφυγον
κατέχεεν	κατέχειν
κατέχον	κατέχων
κατήγοροί	κατήγοροι
κατήντηκεν	κατήντησεν
κατήντησαν	κατήντησεν
καταβάντες	καταβάντος
καταβάς	καταβὰς
καταβαίνοντας	καταβαίνοντες
καταβαίνοντας	καταβαίνοντος
καταβαίνοντες	καταβαίνοντος
καταβὰν	καταβὰς
καταγάγῃ	καταφάγῃ
κατακαυχᾶσαι	κατακαυχᾶται
κατακείμενοι	κατακείμενον
κατακλυσμὸν	κατακλυσμὸς
καταλάβω	καταλάβῃ
καταλείπει	καταλείψει
κατανοῆσαι	καταντῆσαι
καταντήσω	καταστήσω
καταργουμένην	καταργουμένων
καταρτίσαι	καταρτίσει
κατεκλίθη	κατεκρίθη
κατεργασάμενοι	κατεργασάμενον
κατεργασάμενοι	κατεργασάμενος
κατεργασάμενον	κατεργασάμενος
κατεσκευασμένον	κατεσκευασμένων
κατευθύναι	κατευθῦναι
κατηγοροῦσίν	κατηγοροῦσιν
κατηγόροις	κατηγόρους
κατηγόρουν	κατηγόρους
κατηρτισμένοι	κατηρτισμένος
κατοικεῖν	κατοικεῖς
κατοικοῦντας	κατοικοῦντες
κατῆλθέν	κατῆλθεν
κατῆλθέν	κατῆλθον
κατῆλθεν	κατῆλθον
κατῴκησεν	κατῴκισεν
καυθήσομαι	καυχήσομαι
καυχήσομαι	καυχήσωμαι
καυχώμενοι	καυχώμενος
καφαρναούμ	καφαρναοὺμ
καϊάφαν	καϊάφας
καύσωνα	καύσωνι
καύχημά	καύχημα
καύχησιν	καύχησις
καὶ	ναὶ
καῦδα	καῦμα
κείμεθα	κείμενα
κείμενον	κείμενος
κεκλεισμένον	κεκλεισμένων
κεκλημένοι	κεκλημένος
κεκλημένοις	κεκλημένους
κεκοσμημένην	κεκοσμημένον
κεκοσμημένοι	κεκοσμημένον
κεκρυμμένα	κεκρυμμένῳ
κεκρυμμένον	κεκρυμμένος
κεκρυμμένον	κεκρυμμένου
κεκρυμμένος	κεκρυμμένου
κελεύσαντες	κελεύσαντος
κενά	κενέ
κενά	κενὴ
κενέ	κενὴ
κενούς	κενοῖς
κενόν	κενὸν
κενὸν	κενὸς
κενὸς	κενῆς
κενὸς	κενῶς
κενῆς	κενῶς
κεράμων	κεράτων
κεράτων	περάτων
κεράτων	τεράτων
κερδήσω	κερδήσῃ
κερδῆσαί	κερδῆσαι
κεφαλάς	κεφαλὰς
κεφαλάς	κεφαλῆς
κεφαλή	κεφαλὴ
κεφαλή	κεφαλῇ
κεφαλήν	κεφαλὴν
κεφαλήν	κεφαλῶν
κεφαλὰς	κεφαλῆς
κεφαλὴ	κεφαλῇ
κεφαλὴν	κεφαλῶν
κεχάρισμαι	κεχάρισται
κεχάρισταί	κεχάρισται
κεῖμαι	κεῖται
κηρύξαι	κηρύξας
κηρύσσοντας	κηρύσσοντος
κηφᾶ	κηφᾷ
κηφᾶν	κηφᾶς
κιβωτόν	κιβωτὸν
κιβωτὸν	κιβωτὸς
κιθάραν	κιθάρας
κιλικίαν	κιλικίας
κλάδοι	κλάδος
κλάδοις	κλάδους
κλάσαι	κλάσας
κλάσαι	κλάσει
κλάσει	κλήσει
κλέπτειν	κλέπτεις
κλήματα	κλίματα
κλήματα	κτήματα
κλίματα	κρίματα
κλίνας	κλίνης
κλίνας	κρίνας
κλίνειν	κρίνειν
κλίνην	κλίνης
κλίνῃ	κρίνῃ
κλαίειν	κλαίεις
κλαίετε	κλείετε
κλαίοντας	κλαίοντες
κλαίουσαι	κλαίουσαν
κλαίουσαν	κλαίουσιν
κλαίων	κλείων
κλαύδιον	κλαύδιος
κλαύσατε	κλαύσετε
κλεὶς	κλεῖς
κλεῖν	κλεῖς
κλεῖν	πλεῖν
κληθήσεταί	κληθήσεται
κληρονομήσατε	κληρονομήσητε
κληρονομίαν	κληρονομίας
κληρονόμοι	κληρονόμον
κληρονόμοι	κληρονόμος
κληρονόμοις	κληρονόμους
κληρονόμον	κληρονόμος
κλῆμα	κτῆμα
κλῆρον	κλῆρος
κλῆσιν	κλῆσις
κοδράντην	κοδράντης
κοιλία	κοιλίᾳ
κοιλίαι	κοιλίαν
κοιλίαι	κοιλίας
κοιλίαν	κοιλίας
κοιμηθέντας	κοιμηθέντες
κοινωνία	κοινωνίᾳ
κοινωνίαν	κοινωνίας
κοινωνοί	κοινωνοὶ
κοινωνόν	κοινωνός
κοινωνός	κοινωνὸς
κοινόν	κοινὴν
κοινόν	κοινὸν
κοινὴν	κοινὸν
κολλώμενοι	κολλώμενος
κομίσεται	κομίσηται
κοπιᾷ	κοπιῶ
κοπιῶντα	κοπιῶντι
κοπιῶντας	κοπιῶντες
κουστωδίαν	κουστωδίας
κράβαττον	κράβαττόν
κράζει	κράτει
κράζοντας	κράζοντες
κράξαντες	πράξαντες
κρήτην	κρήτης
κρίμα	κρίνα
κρίματα	κρίματι
κρίνα	κρίνω
κρίνα	κρίνῃ
κρίναντας	κρίναντες
κρίναντας	κρίναντος
κρίναντες	κρίναντος
κρίναντες	κρίνοντες
κρίνατε	κρίνετε
κρίνει	κρίσει
κρίνειν	κρίνεις
κρίνεις	κρίσεις
κρίνεσθαί	κρίνεσθαι
κρίνοντα	κρίνοντι
κρίνω	κρίνῃ
κρίσει	κτίσει
κρίσει	ἐρίσει
κρίσεις	κρίσεως
κρίσεως	κτίσεως
κρίσιν	κρίσις
κρίσις	κτίσις
κρίσπον	κρίσπος
κρανίον	κρανίου
κρατεῖν	κρατεῖς
κρατοῦντας	κρατοῦντες
κρατοῦντας	κρατοῦντος
κρατοῦντες	κρατοῦντος
κραυγὴ	κραυγῇ
κρείττονος	κρείττονός
κρεμάμενον	κρεμάμενος
κρεῖττον	κρεῖττόν
κρινόμενοι	κρινόμενος
κριτήν	κριτής
κριτήν	κριτὴν
κριτής	κριτὰς
κριτής	κριτὴς
κριτὰς	κριτὴς
κριτὴν	κριτὴς
κρυπτὰ	κρυπτῷ
κρυπτὸν	κρυπτὸς
κρυφῇ	τρυφῇ
κτήσασθε	κτήσησθε
κτήσασθε	ᾐτήσασθε
κτίσαντα	κτίσαντι
κτίσας	κτίσις
κτηνῶν	πτηνῶν
κυλλούς	κυλλοὺς
κυρία	κυρίᾳ
κυρία	κυρίῳ
κυρίοις	τυρίοις
κυρίων	μυρίων
κυρίᾳ	κυρίῳ
κυρηναῖοι	κυρηναῖον
κυρηναῖοι	κυρηναῖος
κυρηναῖον	κυρηναῖος
κυριότητες	κυριότητος
κωλῦσαί	κωλῦσαι
κωφούς	κωφοὺς
κωφόν	κωφός
κωφόν	κωφὸν
κόκκον	κόκκος
κόποις	κόπους
κόποις	τόποις
κόπον	κόπος
κόπον	κόπου
κόπον	κόπων
κόπον	κῆπον
κόπον	τόπον
κόπος	κόπου
κόπος	κῆπος
κόπος	τόπος
κόπου	τόπου
κόπους	κόρους
κόπους	τόπους
κόπων	τόπων
κόπῳ	τόπῳ
κόρους	φόρους
κόσμον	κόσμος
κόσμον	κόσμου
κόσμος	κόσμου
κύνας	κύνες
κύνας	κύψας
κύπριοι	κύπριος
κύπρον	κύπρου
κύριέ	κύριε
κύριοι	κύριον
κύριοι	κύριος
κύριον	κύριος
κύριον	κύριόν
κύριος	κύριός
κύριόν	κύριός
κώμας	κώμης
κώμην	κώμης
κώμην	ῥώμην
κώμης	ῥώμης
κἀγώ	κἀγὼ
κἀκεῖνοι	κἀκεῖνον
κἀκεῖνοι	κἀκεῖνος
κἀκεῖνον	κἀκεῖνος
κἀκεῖνος	κἀκεῖνός
κἀμοί	κἀμοὶ
κῆπον	κῆπος
κῶμοι	μῶμοι
λάβε	λάβω
λάβε	λάβῃ
λάβετε	λάβητε
λάβω	λάβῃ
λάβωμεν	λάχωμεν
λάζαρον	λάζαρος
λάμπει	λάμψει
λέγε	λέγω
λέγε	λέγῃ
λέγειν	λέγεις
λέγετέ	λέγετε
λέγετε	λέγητε
λέγομεν	λέγωμεν
λέγον	λέγων
λέγον	λόγον
λέγοντά	λέγοντα
λέγοντά	λέγοντι
λέγοντα	λέγοντι
λέγοντας	λέγοντες
λέγοντας	λέγοντος
λέγοντες	λέγοντος
λέγουσίν	λέγουσαν
λέγουσίν	λέγουσιν
λέγουσαι	λέγουσαν
λέγουσαν	λέγουσιν
λέγω	λέγῃ
λέγων	λόγων
λήμψεταί	λήμψεται
λίαν	μίαν
λίθοι	λίθον
λίθοι	λίθος
λίθοι	λίθου
λίθοις	λίθους
λίθον	λίθος
λίθον	λίθου
λίθον	λίθων
λίθον	λίνον
λίθος	λίθου
λίθος	λίνος
λίμνη	λίμνῃ
λίμνην	λίμνης
λίνον	λίνος
λίνος	τίνος
λίτραν	λίτρας
λαβεῖν	λαθεῖν
λαβεῖν	λαλεῖν
λαβοῦσαι	λαλοῦσαι
λαβόντας	λαβόντες
λαβών	λαβὼν
λαθεῖν	λαλεῖν
λαθεῖν	μαθεῖν
λαθεῖν	παθεῖν
λαλήσω	λαλήσῃ
λαλεῖν	λαλεῖς
λαληθήσεταί	λαληθήσεται
λαλοῦντα	λαλοῦντι
λαλοῦντας	λαλοῦντες
λαλοῦντας	λαλοῦντος
λαλοῦντας	λαλοῦντός
λαλοῦντες	λαλοῦντος
λαλοῦντες	λαλοῦντός
λαλοῦντος	λαλοῦντός
λαλοῦσαι	λαλοῦσαν
λαλοῦσαν	λαλοῦσιν
λαλοῦσιν	λαχοῦσιν
λαλῆσαί	λαλῆσαι
λαλῇ	λαλῶ
λαλῶ	ψαλῶ
λαμβάνειν	λαμβάνεις
λαμβάνετέ	λαμβάνετε
λαμβάνω	λαμβάνῃ
λαμβανόμενον	λαμβανόμενος
λαμπάδας	λαμπάδες
λαμπρός	λαμπρῶς
λαμπρὰ	λαμπρᾷ
λαμπρὰν	λαμπρὸν
λανθανέτω	μανθανέτω
λαοί	λαοὶ
λαοί	λαοῦ
λαοὶ	λαοῦ
λαοῖς	ναοῖς
λαοῦ	ναοῦ
λατρείαν	λατρείας
λατρεύοντας	λατρεύοντες
λατρεύσουσίν	λατρεύσουσιν
λαόν	λαός
λαόν	λαὸν
λαόν	λαῶν
λαός	λαὸς
λαὸν	λαὸς
λαὸν	λαῶν
λαὸν	ναὸν
λαὸς	ναὸς
λαῷ	ναῷ
λεγιών	λεγιὼν
λεγομένην	λεγομένης
λεγόμενοι	λεγόμενον
λεγόμενοι	λεγόμενος
λεγόμενον	λεγόμενος
λειτουργὸν	λειτουργὸς
λειτουργὸν	λειτουργῶν
λεπροὶ	λεπροῦ
λευίτας	λευίτης
λευκάς	λευκός
λευκάς	λευκὰς
λευκάς	λευκὸς
λευκή	λευκὰ
λευκήν	λευκόν
λευκήν	λευκὴν
λευκήν	λευκὸν
λευκαί	λευκαὶ
λευκαῖς	λευκοῖς
λευκόν	λευκός
λευκόν	λευκὴν
λευκόν	λευκὸν
λευκός	λευκὰς
λευκός	λευκὸς
λευκὰς	λευκὸς
λευκὴν	λευκὸν
λευκὸν	λευκὸς
λευὶν	λευὶς
λεόντων	λυόντων
ληνὸν	ληνὸς
λιβανωτόν	λιβανωτὸν
λιμένας	λιμένος
λιμοί	λιμοὶ
λιμός	λιμὸς
λιμὸν	λιμὸς
λοίδοροι	λοίδορος
λογικὴν	λογικὸν
λοιδορίαν	λοιδορίας
λοιδορούμενοι	λοιδορούμενος
λοιμοὶ	λοιποὶ
λοιμὸν	λοιπὸν
λοιπαὶ	λοιποὶ
λοιποί	λοιποὶ
λοιποί	λοιποῦ
λοιποὶ	λοιποῦ
λοιποὺς	λοιποῖς
λοιπόν	λοιπὸν
λοιπόν	λοιπῶν
λοιπὸν	λοιπῶν
λυκίας	λυσίας
λυπούμενοι	λυπούμενος
λυχνίαι	λυχνίαν
λυχνίαι	λυχνίας
λυχνίαν	λυχνίας
λόγοι	λόγον
λόγοι	λόγος
λόγοι	λόγου
λόγοις	λόγους
λόγον	λόγος
λόγον	λόγου
λόγον	λόγων
λόγος	λόγου
λύκοι	λύκον
λύκοι	λύκος
λύκον	λύκος
λύκον	λύκων
λύκων	σύκων
λύπας	λύπης
λύπας	λύσας
λύπη	λύπῃ
λύπην	λύπης
λύπῃ	λύσῃ
λύσας	λύσῃς
λύσατε	λύσητε
λύσιν	φύσιν
λύσω	λύσῃ
λύχνοι	λύχνον
λύχνοι	λύχνος
λύχνοι	λύχνου
λύχνον	λύχνος
λύχνον	λύχνου
λύχνος	λύχνου
λώτ	λὼτ
λῃστάς	λῃστής
λῃσταί	λῃσταὶ
λῃστὴν	λῃστῶν
λῦσαι	ῥῦσαι
μάγοι	μάγον
μάγοι	μάγος
μάγοι	φάγοι
μάγον	μάγος
μάγον	μάγων
μάγον	πάγον
μάγος	φάγος
μάθετε	μάθητε
μάθητε	ἰάθητε
μάρθαν	μάρθας
μάρτυρές	μάρτυρας
μάρτυρές	μάρτυρες
μάρτυρές	μάρτυρός
μάρτυρας	μάρτυρες
μάρτυρας	μάρτυρός
μάρτυρες	μάρτυρός
μάρτυσίν	μάρτυσιν
μάστιγας	μάστιγος
μάστιγας	μάστιγός
μάστιγος	μάστιγός
μάταιοι	μάταιος
μάχαι	μάχας
μάχαιράν	μάχαιραν
μάχαιραι	μάχαιραν
μέ	μή
μέ	με
μέ	μὴ
μέ	σέ
μέγαν	μέγας
μέγας	μέλας
μέθυσοι	μέθυσος
μέθῃ	μένῃ
μέλας	μέλος
μέλει	μένει
μέλει	μέρει
μέλεσίν	μέλεσιν
μέλη	μέλι
μέλη	μέρη
μέλη	τέλη
μέλλειν	μέλλεις
μέλλον	μέλλων
μέλλον	μᾶλλον
μέλλοντα	μέλλοντι
μέλλοντας	μέλλοντες
μέλλοντας	μέλλοντος
μέλλοντες	μέλλοντος
μέλλουσαν	μέλλουσιν
μέλλω	μέλλῃ
μέλος	μέρος
μέλος	μέσος
μέλος	μύλος
μέλος	τέλος
μέν	μὲν
μέν	μὴν
μένε	μένω
μένε	μένῃ
μένει	μέρει
μένειν	μένεις
μένετε	μένητε
μένον	μένων
μένον	μέσον
μένον	μόνον
μένον	ξένον
μένουσαν	μένουσιν
μένω	μένῃ
μένων	ξένων
μέρει	φέρει
μέριμναι	μέριμναν
μέρος	μέσος
μέρος	ἀέρος
μέσης	μέσος
μέσον	μέσος
μέσον	μέσου
μέσος	μέσου
μέτρον	μέτρου
μέτρον	πέτρον
μέτρου	πέτρου
μέτρῳ	πέτρῳ
μή	με
μή	μὴ
μήγε	μήτε
μήποτέ	μήποτε
μήτε	μήτι
μήτραν	μήτρας
μαίνεσθε	φαίνεσθε
μαίνεται	φαίνεται
μαίνῃ	μείνῃ
μαγδαληνή	μαγδαληνὴ
μαγδαληνή	μαγδαληνῇ
μαγδαληνὴ	μαγδαληνῇ
μαδιάμ	μαριάμ
μαθεῖν	παθεῖν
μαθητάς	μαθητής
μαθητάς	μαθητὰς
μαθητάς	μαθητὴς
μαθητής	μαθητὰς
μαθητής	μαθητὴς
μαθηταί	μαθηταὶ
μαθητὰς	μαθητὴς
μαθητὴν	μαθητὴς
μαθητὴν	μαθητῶν
μαθθαῖον	μαθθαῖος
μαθὼν	παθὼν
μακάριαι	μακάριοι
μακάριοί	μακάριοι
μακάριοί	μακάριον
μακάριοί	μακάριος
μακάριοι	μακάριον
μακάριοι	μακάριος
μακάριον	μακάριος
μακάριον	μακάριόν
μακάριος	μακάριός
μακάριόν	μακάριός
μακαρισμὸν	μακαρισμὸς
μακεδονία	μακεδονίᾳ
μακεδονίαν	μακεδονίας
μακεδόνας	μακεδόνες
μακεδόνας	μακεδόνος
μακεδόνες	μακεδόνος
μακράν	μακρὰν
μακροθυμία	μακροθυμίᾳ
μακροθυμίαν	μακροθυμίας
μακρὰ	μικρὰ
μακρὰν	μικρὰν
μαμωνᾶ	μαμωνᾷ
μανίαν	μαρίαν
μαρία	μαρίᾳ
μαρία	μωρία
μαρίαν	μαρίας
μαρίαν	μωρίαν
μαρίας	μωρίας
μαριάμ	μαριὰμ
μαρτυρήσω	μαρτυρήσῃ
μαρτυρίαι	μαρτυρίαν
μαρτυρίαι	μαρτυρίας
μαρτυρίαν	μαρτυρίας
μαρτυρεῖν	μαρτυρεῖς
μαρτυρούμενος	μαρτυρούμενός
μαρτυροῦντες	μαρτυροῦντος
μαρτυρόμενοι	μαρτυρόμενος
μαστοὶ	μεστοὶ
ματθάν	ματθὰν
με	μὴ
με	σε
με	τε
μείζονας	μείζονες
μείζονας	μείζονος
μείζονες	μείζονος
μείζων	μεῖζων
μείνατε	μείνητε
μεγάλα	μεγάλη
μεγάλα	μεγάλῃ
μεγάλα	μεγάλῳ
μεγάλαι	μεγάλας
μεγάλαι	μεγάλοι
μεγάλας	μεγάλης
μεγάλας	μεγάλως
μεγάλη	μεγάλῃ
μεγάλη	μεγάλῳ
μεγάλην	μεγάλης
μεγάλην	μεγάλων
μεγάλης	μεγάλως
μεγάλοι	μεγάλου
μεγάλων	μεγάλως
μεγάλῃ	μεγάλῳ
μεθ	μετ
μεθοδείαν	μεθοδείας
μεθύουσαν	μεθύουσιν
μελέτα	μελέτω
μελέτω	μενέτω
μεμαρτύρηκα	μεμαρτύρηκε
μεμιγμένην	μεμιγμένον
μεσσίαν	μεσσίας
μεστοί	μεστοὶ
μεστόν	μεστὸν
μετάθεσιν	μετάθεσις
μετάνοιάν	μετάνοιαν
μετοικεσίαν	μετοικεσίας
μετόχοις	μετόχους
μεῖζον	μεῖζων
μεῖζον	μεῖζόν
μεῖζον	μεῖνον
μεῖζων	μεῖζόν
μηδέν	μηδὲν
μηδείς	μηδεὶς
μηδὲν	μηθὲν
μηθὲν	ῥηθὲν
μηρὸν	μωρὸν
μητρί	μητρὶ
μητρός	μητρὸς
μικρούς	μικροὺς
μικροὶ	μικροῦ
μικρόν	μικρὰν
μικρόν	μικρὸν
μικρόν	μικρῶν
μικρόν	πικρόν
μικρότερον	μικρότερος
μικρὰ	μικρῷ
μικρὰν	μικρὸν
μικρὰν	μικρῶν
μικρὸν	μικρὸς
μικρὸν	μικρῶν
μικρὸν	πικρὸν
μιμηταί	μιμηταὶ
μισεῖν	μισεῖς
μισθωτός	μισθωτὸς
μισθός	μισθὸς
μισθὸν	μισθὸς
μισῇ	μισῶ
μιᾶς	μνᾶς
μνήσθητί	μνήσθητε
μνήσθητί	μνήσθητι
μνήσθητε	μνήσθητι
μνημονεύετέ	μνημονεύετε
μνημονεύετε	μνημονεύητε
μνᾶν	μνᾶς
μοί	μοι
μοί	μου
μοί	μού
μοί	σοί
μοι	μου
μοι	μού
μοι	σοι
μοιχαλίδα	μοιχαλίδι
μοιχαλίδες	μοιχαλίδος
μοιχεύειν	μοιχεύεις
μοιχοί	μοιχοὶ
μονογενής	μονογενὴς
μου	μού
μου	που
μου	σου
μού	πού
μού	σού
μυριάδας	μυριάδες
μωρέ	μωρὰ
μωρέ	μωρῷ
μωρία	χωρία
μωρίαν	μωρίας
μωραὶ	μωροὶ
μωρὰ	μωρῷ
μωρὰς	μωρὸς
μωρὸν	μωρὸς
μωϋσῆν	μωϋσῆς
μόγις	μόλις
μόλις	πόλις
μόνα	μόνῳ
μόνα	μῆνα
μόνας	μόνος
μόνας	μῆνας
μόνην	μόνον
μόνοι	μόνον
μόνοι	μόνος
μόνοι	μόνου
μόνοι	φόνοι
μόνοις	μόνους
μόνον	μόνος
μόνον	μόνου
μόνον	πόνον
μόνον	φόνον
μόνος	μόνου
μόνος	πόνος
μόνου	πόνου
μόνου	φόνου
μόνῳ	φόνῳ
μόσχον	μόσχων
μύθοις	μύθους
μύλος	μύλου
μύλου	μύρου
μύλου	ξύλου
μύλῳ	μύρῳ
μύλῳ	ξύλῳ
μύρα	μύρῳ
μύρον	μύρου
μύρον	τύρον
μύρου	τύρου
μύρῳ	τύρῳ
μὲν	μὴν
μὴ	νὴ
μὴν	σὴν
μὴν	τὴν
μᾶρκον	μᾶρκος
νέαν	νέας
νέαν	νέον
νέας	νέος
νέον	νέος
νήπιοι	νήπιος
νήπιος	νήπιός
νίκα	νίκη
νίπτειν	νίπτεις
ναΐν	ναὸν
ναΐν	ναῦν
ναί	ναὶ
ναί	ναῷ
ναασσών	ναασσὼν
ναζαρά	ναζαρὰ
ναζαρέθ	ναζαρέτ
ναζαρέθ	ναζαρὲθ
ναζαρέτ	ναζαρὲτ
ναζαρὲθ	ναζαρὲτ
ναζωραῖον	ναζωραῖος
ναθαναήλ	ναθαναὴλ
ναοὺμ	ναοὺς
ναοὺς	ναοῖς
ναυτῶν	ἑαυτῶν
ναὶ	ναῷ
ναὸν	ναὸς
ναὸν	ναῦν
ναὸς	νοὸς
ναῦν	νοῦν
νεανίαν	νεανίας
νεανίσκοι	νεανίσκον
νεανίσκοι	νεανίσκος
νεανίσκον	νεανίσκος
νεκράν	νεκρόν
νεκράν	νεκρὸν
νεκράν	νεκρῶν
νεκροί	νεκροὶ
νεκροί	νεκροῦ
νεκρούς	νεκροὺς
νεκρούς	νεκροῖς
νεκροὶ	νεκροῦ
νεκροὺς	νεκροῖς
νεκροὺς	νεφροὺς
νεκρόν	νεκρός
νεκρόν	νεκρὸν
νεκρόν	νεκρῶν
νεκρός	νεκρὸς
νεκρὸν	νεκρὸς
νεκρὸν	νεκρῶν
νενεκρωμένον	νενεκρωμένου
νεφέλη	νεφέλῃ
νεφέλην	νεφέλης
νεφθαλίμ	νεφθαλὶμ
νεότητος	νεότητός
νεώτεροι	νεώτερος
νικᾷ	νικῶ
νοΐ	νοῒ
νομικοὺς	νομικοῖς
νομικός	νομικὰς
νομικός	νομικὸς
νομικὰς	νομικὸς
νομικὸν	νομικὸς
νομικὸν	νομικῶν
νομοδιδάσκαλοι	νομοδιδάσκαλος
νουθετοῦντας	νουθετοῦντες
νοός	νοὸς
νοός	νοῦς
νοὸς	νοῦς
νοῦν	νοῦς
νοῦν	χοῦν
νυκτί	νυκτὶ
νυκτός	νυκτὸς
νυμφίον	νυμφίος
νυμφίον	νυμφίου
νυμφίος	νυμφίου
νόμον	νόμος
νόμον	νόμου
νόμον	νόσον
νόμον	νότον
νόμος	νόμου
νόμου	νότου
νόμους	νόσους
νόσοις	νόσους
νόσον	νόσων
νόσον	νότον
νόσον	νῆσον
νόσον	πόσον
νόσους	πόσους
νόσων	πόσων
νότον	νότου
νότον	νῶτον
νύμφαν	νύμφην
νύμφην	νύμφης
νύξ	νὺξ
νῆσον	νῆσος
ξέναις	ξένοις
ξένοι	ξένον
ξένοι	ξένος
ξένοι	ξένου
ξένοις	ξένους
ξένον	ξένος
ξένον	ξένου
ξένον	ξένων
ξένος	ξένου
ξηρά	ξηρῷ
ξηράν	ξηρὰν
ξηράν	ξηρῶν
ξηρὰν	ξηρῶν
ξηρῶν	τηρῶν
ξηρῶν	χηρῶν
ξύλα	ξύλῳ
ξύλον	ξύλου
ξύλον	ξύλων
οἰκέτην	οἰκέτης
οἰκία	οἰκίᾳ
οἰκίαν	οἰκίας
οἰκοδεσπότην	οἰκοδεσπότης
οἰκοδομάς	οἰκοδομὰς
οἰκοδομάς	οἰκοδομῆς
οἰκοδομή	οἰκοδομὴ
οἰκοδομή	οἰκοδομῶ
οἰκοδομήν	οἰκοδομὴν
οἰκοδομήν	οἰκοδομῶν
οἰκοδομεῖν	οἰκονομεῖν
οἰκοδομὰς	οἰκοδομῆς
οἰκοδομὴ	οἰκοδομῶ
οἰκοδομὴν	οἰκοδομῶν
οἰκονομίαν	οἰκονομίας
οἰκονόμοι	οἰκονόμον
οἰκονόμοι	οἰκονόμος
οἰκονόμοις	οἰκονόμους
οἰκονόμον	οἰκονόμος
οἰκουμένη	οἰκουμένῃ
οἰκουμένην	οἰκουμένης
οἰκτιρμοί	οἰκτιρμοῦ
οἱ	οἳ
οἱ	οἵ
οἱ	οὐ
οἱ	οὒ
οἱ	οὔ
οἱ	οὗ
οἳ	οἵ
οἳ	οὐ
οἳ	οὒ
οἳ	οὔ
οἳ	οὗ
οἴκοις	οἴκους
οἴκου	οἴνου
οἴκῳ	οἴνῳ
οἵ	οὐ
οἵ	οὒ
οἵ	οὔ
οἵ	οὗ
οἵα	οἷα
οἵτινές	οἵτινες
οἶδά	οἶδα
οἶκον	οἶκος
οἶκον	οἶκόν
οἶκον	οἶνον
οἶκος	οἶκός
οἶκος	οἶνος
οἶκόν	οἶκός
οἶνον	οἶνος
οἷά	οἷα
οἷά	οἷς
οἷα	οἷς
οἷοί	οἷοι
οἷοί	οἷον
οἷοί	οἷος
οἷοι	οἷον
οἷοι	οἷος
οἷον	οἷος
οἷς	οὓς
οἷς	οὖς
οὐ	οὒ
οὐ	οὔ
οὐ	οὗ
οὐαί	οὐαὶ
οὐαί	οὐχί
οὐαὶ	οὐχὶ
οὐδ	οὐκ
οὐδ	οὐχ
οὐδ	οὐὰ
οὐδέν	οὐδὲν
οὐδέν	οὐθέν
οὐδείς	οὐδεὶς
οὐδενός	οὐδενὸς
οὐδενός	οὐθενός
οὐδὲν	οὐθὲν
οὐθέν	οὐθὲν
οὐκ	οὐχ
οὐκ	οὐὰ
οὐρανέ	οὐρανῷ
οὐρανοί	οὐρανοὶ
οὐρανοί	οὐρανοῦ
οὐρανούς	οὐρανοὺς
οὐρανούς	οὐρανοῖς
οὐρανοὶ	οὐρανοῦ
οὐρανοὺς	οὐρανοῖς
οὐρανόν	οὐρανός
οὐρανόν	οὐρανὸν
οὐρανόν	οὐρανῶν
οὐρανός	οὐρανὸς
οὐρανὸν	οὐρανὸς
οὐρανὸν	οὐρανῶν
οὐσίαν	οὐσίας
οὐχ	οὐὰ
οὐχί	οὐχὶ
οὒ	οὔ
οὒ	οὗ
οὓς	οὖς
οὔ	οὗ
οὖν	οὖς
οὖσα	οὖσι
οὖσαι	οὖσαν
οὖσαν	οὖσιν
οὗτοί	οὗτοι
οὗτοί	οὗτος
οὗτοι	οὗτος
οὗτος	οὗτός
πάγον	πάγου
πάγου	πάφου
πάθει	πάρει
πάθη	πάθῃ
πάθη	πάλη
πάθη	ἰάθη
πάθῃ	πάσῃ
πάλαι	πύλαι
πάλη	πύλη
πάλιν	πόλιν
πάντα	πάντῃ
πάντας	πάντες
πάντας	πάντως
πάντες	πάντως
πάντοτέ	πάντοτε
πάντων	πάντως
πάροικοι	πάροικον
πάροικοι	πάροικος
πάροικον	πάροικος
πάροικον	πάροινον
πάσας	πάσης
πάσας	πόσας
πάσχα	πάσχω
πάσῃ	πέσῃ
πάφου	τάφου
πέδας	πέρας
πέδας	πόδας
πέμπει	πέμψει
πέμπω	πέμψω
πέμψαι	πέμψας
πέμψαι	πέμψει
πέμψαντά	πέμψαντί
πέμψαντά	πέμψαντα
πέμψαντί	πέμψαντα
πέμψαντες	πέμψαντος
πέμψαντες	πέμψαντός
πέμψαντος	πέμψαντός
πέμψας	πέμψῃς
πέποιθεν	πέπονθεν
πέπτωκαν	πέπτωκας
πέραν	πέρας
πέραν	πήραν
πέρας	πήρας
πέρατα	τέρατα
πέργην	πέργης
πέσετε	πέσητε
πέτρα	πέτρε
πέτρα	πέτρᾳ
πέτρα	πέτρῳ
πέτραι	πέτραν
πέτραι	πέτρας
πέτραν	πέτρας
πέτραν	πέτρον
πέτρας	πέτρος
πέτρε	πέτρᾳ
πέτρε	πέτρῳ
πέτρον	πέτρος
πέτρον	πέτρου
πέτρος	πέτρου
πέτρᾳ	πέτρῳ
πήραν	πήρας
πήραν	χήραν
πήρας	χήρας
πίε	πίω
πίε	πίῃ
πίεσαι	πίεται
πίετε	πίητε
πίνετε	πίνητε
πίνω	πίνῃ
πίνων	πόνων
πίνων	τίνων
πίπτει	πίστει
πίστευέ	πίστευε
πίστεως	πίστεώς
πίστιν	πίστις
πίω	πίῃ
παίσας	πείσας
παίσῃ	παύσῃ
παθεῖν	πατεῖν
παθόντας	παθόντος
παθόντος	παρόντος
παθὼν	παρὼν
παιδίον	παιδίου
παιδίον	παιδίων
παιδίσκας	παιδίσκης
παιδίσκην	παιδίσκης
παιδεία	παιδείᾳ
παιδείαν	παιδείας
παιδός	παιδὸς
παλαιά	παλαιᾷ
παλαιά	παλαιῷ
παλαιόν	παλαιὰν
παλαιόν	παλαιὸν
παλαιὰν	παλαιὸν
παλαιὸν	παλαιὸς
παλαιὸς	παλαιᾶς
παλαιᾷ	παλαιῷ
παμφυλίαν	παμφυλίας
παντί	παντὶ
παντελές	παντελὲς
παντός	παντὸς
παρ	πῦρ
παρά	παρὰ
παρά	χαρά
παράγοντά	παράγοντι
παράκειταί	παράκειται
παράκλησιν	παράκλησις
παράκλητον	παράκλητος
παράλαβε	παρέλαβε
παρέδωκάν	παρέδωκαν
παρέδωκάν	παρέδωκεν
παρέδωκαν	παρέδωκας
παρέδωκαν	παρέδωκεν
παρέθηκαν	παρέθηκεν
παρέλαβεν	παρέλαβες
παρέλαβεν	παρέλαβον
παρέστηκεν	παρέστησεν
παρέστησαν	παρέστησεν
παρήγγειλαν	παρήγγειλεν
παρήγγειλεν	παρήγγελλεν
παραβάσεων	παραβάσεως
παραβάτην	παραβάτης
παραβολάς	παραβολὰς
παραβολάς	παραβολῆς
παραβολή	παραβολὴ
παραβολή	παραβολῇ
παραβολήν	παραβολὴν
παραβολὰς	παραβολῆς
παραβολὴ	παραβολῇ
παραγγέλλομεν	παρηγγέλλομεν
παραγγείλας	παραγγείλῃς
παραγγελίαν	παραγγελίας
παραγενόμενοι	παραγενόμενον
παραγενόμενοι	παραγενόμενος
παραγενόμενον	παραγενόμενος
παραγενόμενος	παραγενόμενός
παραδέδοται	παραδίδοται
παραδιδούς	παραδιδοὺς
παραδιδόντες	παραδιδόντος
παραδούς	παραδοὺς
παραδόσει	παραδώσει
παραδῶ	παραδῷ
παρακάλει	παρεκάλει
παρακαλέσαι	παρακαλέσας
παρακαλοῦμεν	παρεκαλοῦμεν
παρακαλοῦντες	παρακαλοῦντος
παρακύψαι	παρακύψας
παραλελυμένα	παραλελυμένῳ
παραλελυμένοι	παραλελυμένος
παραλυτικός	παραλυτικὸς
παραλυτικὸν	παραλυτικὸς
παραπτώματα	παραπτώματι
παρασκευή	παρασκευὴ
παρασκευήν	παρασκευὴν
παραστήσατε	παρεστήσατε
παραστῆναι	παραστῆσαι
παρατίθεμαί	παρατίθεμαι
παρατιθέμενον	παρατιθέμενος
παρεγένοντο	παρεγίνοντο
παρεισῆλθεν	παρεισῆλθον
παρεκάλεσά	παρεκάλεσα
παρεκάλεσέν	παρεκάλεσαν
παρεκάλεσέν	παρεκάλεσεν
παρεκάλεσαν	παρεκάλεσεν
παρεμβολήν	παρεμβολὴν
παρεμβολὰς	παρεμβολῆς
παρεπιδήμοις	παρεπιδήμους
παρεῖναί	παρεῖναι
παρεῖχεν	παρεῖχον
παρθένοι	παρθένον
παρθένοι	παρθένος
παρθένοι	παρθένου
παρθένον	παρθένος
παρθένον	παρθένου
παρθένον	παρθένων
παρθένος	παρθένου
παροικίας	παροιμίας
παροιμίαν	παροιμίας
παροξυσμὸν	παροξυσμὸς
παρουσία	παρουσίᾳ
παρουσίαν	παρουσίας
παρρησία	παρρησίᾳ
παρρησίαν	παρρησίας
παρρησιαζόμενοι	παρρησιαζόμενος
παρόντες	παρόντος
παρὰ	χαρὰ
παρὸν	παρὼν
παρὼν	ἀαρὼν
παρῆλθεν	παρῆλθον
πατάξαι	πατάξας
πατάξω	πατάξῃ
πατέρας	πατέρες
πατήρ	πατὴρ
πατρί	πατρὶ
πατρίδα	πατρίδι
πατριάρχαι	πατριάρχας
πατριάρχας	πατριάρχης
πατρός	πατρὸς
πατρὸς	ἰατρὸς
παύλου	σαύλου
παύλῳ	σαύλῳ
παῖδά	παῖδα
παῖς	ταῖς
παῦλον	παῦλος
παῦλον	σαῦλον
παῦλον	φαῦλον
παῦλος	σαῦλος
πείθομεν	πείσομεν
πεινῶντας	πεινῶντες
πειρασμόν	πειρασμὸν
πειρασμόν	πειρασμῶν
πειρασμὸν	πειρασμὸς
πειρασμὸν	πειρασμῶν
πενθήσατε	πενθήσετε
πενθεράν	πενθερὰν
πενθερὸς	πενθερᾶς
πεπιστευκότας	πεπιστευκότες
πεπλήρωμαι	πεπλήρωται
πεπληρωμένα	πεπληρωμένη
πεποιηκότες	πεποιηκότος
πεποιθότας	πεποιθότες
περάτων	τεράτων
περί	περὶ
περί	πυρί
περίκειμαι	περίκειται
περίλυπος	περίλυπός
περίχωρον	περίχωρος
περιέθηκαν	περιέθηκεν
περιβεβλημένοι	περιβεβλημένον
περιβεβλημένοι	περιβεβλημένος
περιβεβλημένον	περιβεβλημένος
περιβλεψάμενοι	περιβλεψάμενος
περιεβάλετέ	περιεβάλετο
περιεζωσμέναι	περιεζωσμένοι
περιεζωσμένοι	περιεζωσμένον
περιεπατήσατέ	περιεπατήσατε
περιζωσάμενοι	περιζωσάμενος
περιπατεῖν	περιπατεῖς
περιπατοῦντα	περιπατοῦντι
περιπατοῦντας	περιπατοῦντες
περιπατοῦντας	περιπατοῦντος
περιπατοῦντες	περιπατοῦντος
περισσεύετε	περισσεύητε
περισσεύοντες	περισσεύοντος
περισσεύσαι	περισσεῦσαι
περισσεύω	περισσεύῃ
περισσεῦσαι	περισσεῦσαν
περισσόν	περισσὸν
περισσότερον	περισσότερόν
περιστεράς	περιστερὰς
περιστερὰν	περιστερὰς
περιστερὰν	περιστερῶν
περιτομή	περιτομὴ
περιτομή	περιτομῇ
περιτομήν	περιτομὴν
περιτομὴ	περιτομῇ
περὶ	πυρὶ
πεσόν	πεσὼν
πεσόντας	πεσόντες
πηγὰς	πηγῆς
πηγὴ	πηγῇ
πιάσαι	πιάσας
πιεῖν	πλεῖν
πικρόν	πικρὸν
πιλᾶτον	πιλᾶτος
πιστά	πιστέ
πιστά	πιστὴ
πιστά	πιστῷ
πιστέ	πιστὴ
πιστέ	πιστῷ
πιστεύειν	πιστεύεις
πιστεύετέ	πιστεύετε
πιστεύετε	πιστεύητε
πιστεύοντα	πιστεύοντι
πιστεύοντας	πιστεύοντες
πιστεύσαντας	πιστεύσαντες
πιστεύσας	πιστεύσῃς
πιστεύσασιν	πιστεύσωσιν
πιστεύσετε	πιστεύσητε
πιστεύσομεν	πιστεύσωμεν
πιστεύσωμέν	πιστεύσωμεν
πιστεύω	πιστεύῃ
πιστοί	πιστοὶ
πιστοί	πιστοῦ
πιστοὶ	πιστοῦ
πιστοὺς	πιστοῖς
πιστόν	πιστός
πιστόν	πιστὴν
πιστόν	πιστὸν
πιστόν	πιστῶν
πιστός	πιστὰς
πιστός	πιστὸς
πιστός	πιστῆς
πιστὰς	πιστὸς
πιστὰς	πιστῆς
πιστὴ	πιστῷ
πιστὴν	πιστὸν
πιστὴν	πιστῶν
πιστὸν	πιστὸς
πιστὸν	πιστῶν
πιστὸς	πιστῆς
πιὼν	σιὼν
πλάνη	πλάνῃ
πλάνης	πλάνος
πλάνοι	πλάνος
πλάνος	πλάτος
πλέον	πλέων
πλήθη	πλήρη
πλανώμενοι	πλανώμενον
πλανῆσαι	πλανῆται
πλείονές	πλείονας
πλείονές	πλείονες
πλείονές	πλείονος
πλείονας	πλείονες
πλείονας	πλείονος
πλείονες	πλείονος
πλεονεξία	πλεονεξίᾳ
πλεονεξίαι	πλεονεξίαν
πλεονεξίαι	πλεονεξίας
πλεονεξίαν	πλεονεξίας
πλευράν	πλευρὰν
πλεῖον	πλεῖόν
πλεῖον	πλοῖον
πλεῖστον	πλεῖστος
πληγὰς	πληγῆς
πληγὴ	πληγῇ
πληγὴν	πληγῶν
πληροφορίαν	πληροφορίας
πληρωθῇ	πληρωθῶ
πληρώματα	πληρώματι
πληρώσαι	πληρώσει
πληρώσαι	πληρῶσαι
πληρώσατέ	πληρώσατε
πλουσίοις	πλουσίους
πλούσιοι	πλούσιον
πλούσιοι	πλούσιος
πλούσιον	πλούσιος
πλούσιος	πλούσιός
πλοῦτον	πλοῦτος
πνευματικά	πνευματικὰ
πνευματικά	πνευματικῇ
πνευματικαῖς	πνευματικοῖς
πνευματικόν	πνευματικός
πνευματικόν	πνευματικὸν
πνευματικόν	πνευματικῶν
πνευματικός	πνευματικὰς
πνευματικός	πνευματικὸς
πνευματικός	πνευματικῆς
πνευματικός	πνευματικῶς
πνευματικὰ	πνευματικῇ
πνευματικὰς	πνευματικὸς
πνευματικὰς	πνευματικῆς
πνευματικὰς	πνευματικῶς
πνευματικὸν	πνευματικὸς
πνευματικὸν	πνευματικῶν
πνευματικὸς	πνευματικῆς
πνευματικὸς	πνευματικῶς
πνευματικῆς	πνευματικῶς
πνευματικῶν	πνευματικῶς
πνεύμασι	πνεύματι
πνεύματί	πνεύματα
πνεύματί	πνεύματι
πνεύματα	πνεύματι
πνεύματος	πνεύματός
πνεῦμά	πνεῦμα
πνικτὸν	πνικτῶν
ποία	ποίᾳ
ποία	ποίῳ
ποία	ποῖα
ποίαν	ποίας
ποίησον	ποίησόν
ποίμνην	ποίμνης
ποίᾳ	ποίῳ
ποδῶν	ποιῶν
ποιήσας	ποιήσῃς
ποιήσατε	ποιήσετε
ποιήσατε	ποιήσητε
ποιήσετε	ποιήσητε
ποιήσομεν	ποιήσωμεν
ποιήσω	ποιήσῃ
ποιεῖν	ποιεῖς
ποιησάμενοι	ποιησάμενος
ποιητής	ποιητὴς
ποικίλαις	ποικίλοις
ποιμένας	ποιμένες
ποιμήν	ποιμὴν
ποιούμενοι	ποιούμενος
ποιοῦντα	ποιοῦντι
ποιοῦνται	ποιοῦντας
ποιοῦντας	ποιοῦντες
ποιοῦντας	ποιοῦντος
ποιοῦντες	ποιοῦντος
ποιῇ	ποιῶ
πολίτην	πολίτης
πολιτείαν	πολιτείας
πολλά	πολλή
πολλά	πολλὰ
πολλά	πολλὴ
πολλά	πολλῇ
πολλά	πολλῷ
πολλάς	πολλὰς
πολλάς	πολλῆς
πολλή	πολλὰ
πολλή	πολλὴ
πολλή	πολλῇ
πολλή	πολλῷ
πολλήν	πολλὴν
πολλήν	πολλῶν
πολλαί	πολλαὶ
πολλαί	πολλοί
πολλαὶ	πολλοὶ
πολλαῖς	πολλοῖς
πολλοί	πολλοὶ
πολλοί	πολλοῦ
πολλούς	πολλοὺς
πολλούς	πολλοῖς
πολλοὶ	πολλοῦ
πολλοὺς	πολλοῖς
πολλὰ	πολλὴ
πολλὰ	πολλῇ
πολλὰ	πολλῷ
πολλὰς	πολλῆς
πολλὴ	πολλῇ
πολλὴ	πολλῷ
πολλὴν	πολλῶν
πολλῇ	πολλῷ
πολύ	πολὺ
πολύν	πολύς
πολύν	πολὺν
πολύς	πολὺς
πολὺν	πολὺς
πονηρά	πονηρέ
πονηρά	πονηρὰ
πονηρά	πονηρὲ
πονηρά	πονηρᾷ
πονηρά	πονηρῷ
πονηρέ	πονηρὰ
πονηρέ	πονηρὲ
πονηρέ	πονηρᾷ
πονηρέ	πονηρῷ
πονηρίαι	πονηρίαν
πονηρίαι	πονηρίας
πονηρίαν	πονηρίας
πονηραί	πονηροί
πονηροί	πονηροὶ
πονηροί	πονηροῦ
πονηρούς	πονηροὺς
πονηρούς	πονηροῖς
πονηροὶ	πονηροῦ
πονηροὺς	πονηροῖς
πονηρόν	πονηρός
πονηρόν	πονηρὸν
πονηρόν	πονηρῶν
πονηρός	πονηρὸς
πονηρός	πονηρᾶς
πονηρὰ	πονηρὲ
πονηρὰ	πονηρᾷ
πονηρὰ	πονηρῷ
πονηρὲ	πονηρᾷ
πονηρὲ	πονηρῷ
πονηρὸν	πονηρὸς
πονηρὸν	πονηρῶν
πονηρὸς	πονηρᾶς
πονηρᾷ	πονηρῷ
πορευθῇ	πορευθῶ
πορευομένη	πορευομένῳ
πορευομένοις	πορευομένους
πορευόμενοι	πορευόμενον
πορευόμενοι	πορευόμενος
πορευόμενον	πορευόμενος
πορεύομαι	πορεύωμαι
πορισμὸν	πορισμὸς
πορνεία	πορνείᾳ
πορνείαν	πορνείας
πορφύραν	πορφύρας
ποσίν	ποσὶν
ποτέ	ποτε
ποτέ	ποτὲ
ποτήριον	ποτήριόν
ποταμοὶ	ποταμοῦ
ποταμοὶ	ποταποὶ
ποταμοὺς	ποταποὺς
ποταμόν	ποταμός
ποταμόν	ποταμὸν
ποταμόν	ποταμῶν
ποταμός	ποταμὸς
ποταμός	ποταπός
ποταμὸν	ποταμὸς
ποταμὸν	ποταμῶν
ποταμὸς	ποταπὸς
ποταπαὶ	ποταποὶ
ποταπός	ποταπὸς
ποτε	ποτὲ
ποτε	πότε
που	πού
που	ποῦ
που	σου
πού	ποῦ
πού	σού
πούς	σούς
ποῦ	σοῦ
ποῦ	τοῦ
ποῦ	ἰοῦ
πράσσειν	πράσσεις
πράσσοντας	πράσσοντες
πραΰς	πραῢς
πραΰτητα	πραΰτητι
πρεσβυτέροις	πρεσβυτέρους
πρεσβύτας	πρεσβύτης
πρεσβύτεροι	πρεσβύτερος
προέκοπτεν	προέκοπτον
προαγούσας	προαγούσης
προγινώσκοντές	προγινώσκοντες
προθυμίαν	προθυμίας
προπέμψατε	προπέμψητε
προσέπεσαν	προσέπεσεν
προσέφερεν	προσέφερον
προσέχοντας	προσέχοντες
προσήλυτοι	προσήλυτον
προσήνεγκαν	προσήνεγκεν
προσδεχόμενοι	προσδεχόμενος
προσδοκῶντας	προσδοκῶντες
προσδοκῶντας	προσδοκῶντος
προσδοκῶντες	προσδοκῶντος
προσεκύνησαν	προσεκύνησεν
προσενέγκαι	προσενέγκας
προσερχομένου	προσευχομένου
προσερχόμενοι	προσερχόμενον
προσερχόμενοι	προσευχόμενοι
προσερχόμενον	προσευχόμενον
προσευξάμενοι	προσευξάμενος
προσευχάς	προσευχὰς
προσευχάς	προσευχῆς
προσευχαί	προσευχαὶ
προσευχόμενοι	προσευχόμενον
προσευχόμενοι	προσευχόμενος
προσευχόμενον	προσευχόμενος
προσευχὰς	προσευχῆς
προσευχὴ	προσευχῇ
προσευχὴν	προσευχῶν
προσεύξομαι	προσεύξωμαι
προσεύξομαι	προσεύχομαι
προσεύξωμαι	προσεύχωμαι
προσεύχεσθε	προσεύχησθε
προσεύχομαι	προσεύχωμαι
προσθεῖναι	προσμεῖναι
προσκέκλημαι	προσκέκληται
προσκαλεσάμενοι	προσκαλεσάμενος
προσκαλεσάμενος	προσκαλεσάμενός
προσκυνήσατε	προσκυνήσετε
προσκυνοῦντας	προσκυνοῦντες
προσλαβόμενοι	προσλαβόμενος
προσφορά	προσφορὰ
προσφορά	προσφορᾷ
προσφοράς	προσφορὰς
προσφοράς	προσφορᾶς
προσφορὰ	προσφορᾷ
προσφορὰν	προσφορὰς
προσφορὰς	προσφορᾶς
προσῆλθάν	προσῆλθαν
προσῆλθάν	προσῆλθεν
προσῆλθάν	προσῆλθον
προσῆλθαν	προσῆλθεν
προσῆλθαν	προσῆλθον
προσῆλθεν	προσῆλθον
προφήτας	προφήτης
προφήτην	προφήτης
προφητεία	προφητείᾳ
προφητείαν	προφητείας
προφῆτιν	προφῆτις
προϊστάμενοι	προϊστάμενον
προϊστάμενοι	προϊστάμενος
προϊστάμενον	προϊστάμενος
προϋπῆρχεν	προϋπῆρχον
πρωΐ	πρωῒ
πρωτοκαθεδρίαν	πρωτοκαθεδρίας
πρωτοκλισίαν	πρωτοκλισίας
πρωτότοκον	πρωτότοκος
πρωϊνόν	πρωϊνός
πρόβατά	πρόβατα
πρόβατον	πρόβατόν
πρόδηλοί	πρόδηλον
πρόθεσιν	πρόθεσις
πρός	πρὸς
πρόσκαιροί	πρόσκαιρον
πρόσωπον	πρόσωπόν
πρύμνα	πρύμνῃ
πρώτη	πρώτῃ
πρώτη	πρώτῳ
πρώτην	πρώτης
πρώτην	πρώτων
πρώτης	πρώτως
πρώτοις	πρώτους
πρώτων	πρώτως
πρώτων	ἠρώτων
πρώτῃ	πρώτῳ
πρῶτοι	πρῶτον
πρῶτοι	πρῶτος
πρῶτον	πρῶτος
πρῶτον	πρῶτόν
πρῶτος	πρῶτός
πρῶτόν	πρῶτός
πτέρυγας	πτέρυγες
πτωχεία	πτωχείᾳ
πτωχοί	πτωχοὶ
πτωχούς	πτωχοὺς
πτωχούς	πτωχοῖς
πτωχοὺς	πτωχοῖς
πτωχόν	πτωχὸν
πτωχόν	πτωχῶν
πτωχὰ	πτωχὴ
πτωχὰ	πτωχῷ
πτωχὴ	πτωχῷ
πτωχὸν	πτωχὸς
πτωχὸν	πτωχῶν
πτύξας	πτύσας
πτῶσιν	πτῶσις
πυλῶνας	πυλῶνες
πυλῶνας	πυλῶνος
πυλῶνες	πυλῶνος
πυράν	πυρὰν
πυρί	πυρὶ
πυρός	πυρὸς
πυρώσει	πωρώσει
πωλοῦνται	πωλοῦντας
πωλοῦντας	πωλοῦντες
πως	πᾶς
πως	πῶς
πως	ἕως
πόδα	πόμα
πόδα	πόσα
πόδας	πόδες
πόδας	πόσας
πόλει	πόσει
πόλεις	πόλεως
πόλεμοι	πόλεμον
πόλεμοι	πόλεμος
πόλεμον	πόλεμος
πόλεων	πόλεως
πόλιν	πόλις
πόλις	πόσις
πόμα	πόσα
πόνον	πόνος
πόνον	πόνου
πόνον	πόνων
πόνον	πόσον
πόνον	φόνον
πόνος	πόνου
πόνος	πόσος
πόνου	φόνου
πόντον	πόντου
πόνων	πόσων
πόνων	φόνων
πόρναι	πόρνοι
πόρνη	πόρνῃ
πόρνην	πόρνης
πόρνης	πόρνος
πόρνοι	πόρνος
πόρνοις	πόρνους
πόσα	πόσῳ
πόσα	πᾶσα
πόσαι	πόσας
πόσαι	πόσει
πόσαι	πόσοι
πόσαι	πᾶσαι
πόσας	πόσις
πόσας	πόσος
πόσει	πόσοι
πόσην	πόσον
πόσην	πόσων
πόσις	πόσος
πόσοι	πόσον
πόσοι	πόσος
πόσον	πόσος
πόσον	πόσων
πότε	τότε
πύλαι	πύλας
πύλας	πύλης
πύλη	πύλῃ
πύλην	πύλης
πύργον	πύργος
πώλησον	πώλησόν
πώρωσιν	πώρωσις
πᾶν	πᾶς
πᾶς	πῶς
πᾶσάν	πᾶσαν
πᾶσάν	πᾶσιν
πᾶσα	πᾶσι
πᾶσαι	πᾶσαν
πᾶσαν	πᾶσιν
πῶς	φῶς
σά	σέ
σά	σε
σά	σύ
σά	σὰ
σά	σὲ
σά	σὺ
σά	σῇ
σά	σῷ
σά	τά
σάββατον	σάββατόν
σάλπιγγα	σάλπιγγι
σάλπιγγας	σάλπιγγες
σάλπιγγας	σάλπιγγος
σάλπιγγες	σάλπιγγος
σάρκα	σάρρα
σάρκας	σάρρας
σάρξ	σὰρξ
σάρρα	σάρρᾳ
σέ	σε
σέ	σύ
σέ	σὰ
σέ	σὲ
σέ	σὺ
σέ	σῇ
σέ	σῷ
σίμωνά	σίμωνα
σίμωνά	σίμωνι
σίμωνα	σίμωνι
σίμωνα	τίμωνα
σίτου	τίτου
σαδώκ	σαδὼκ
σαλαθιήλ	σαλαθιὴλ
σαλμών	σαλμὼν
σανδάλιά	σανδάλια
σαούλ	σαοὺλ
σαπρόν	σαπρὸν
σαπρὸν	σαπρὸς
σαρκί	σαρκὶ
σαρκίναις	σαρκίνοις
σαρκικὰ	σαρκικῇ
σαρκός	σαρκὸς
σατανᾶ	σατανᾷ
σατανᾶν	σατανᾶς
σαῦλον	σαῦλος
σαῦλον	στῦλον
σαῦλον	φαῦλον
σαῦλος	στῦλος
σβέσαι	σβέσει
σε	σύ
σε	σὰ
σε	σὲ
σε	σὺ
σε	σῇ
σε	σῷ
σε	τε
σεαυτόν	σεαυτὸν
σεβομένη	σειομένη
σεισμοί	σεισμοὶ
σεισμός	σεισμὸς
σεισμὸν	σεισμὸς
σελήνη	σελήνῃ
σεμνότητα	σεμνότητι
σημεῖον	σημεῖόν
σιγᾶν	σιλᾶν
σιδῶνα	σιδῶνι
σιλωάμ	σιλωὰμ
σιλᾶν	σιλᾶς
σινδόνα	σινδόνι
σιτευτόν	σιτευτὸν
σιών	σιὼν
σιών	χιών
σκάφην	σκάφης
σκανδαλίζῃ	σκανδαλίσῃ
σκανδαλίσω	σκανδαλίσῃ
σκεῦος	σκεῦός
σκηνάς	σκηνὰς
σκηνάς	σκηνῆς
σκηνήν	σκηνὴν
σκηνοῦντας	σκηνοῦντες
σκηνὰς	σκηνῆς
σκηνὴ	σκηνῇ
σκιὰ	σκιᾷ
σκληρόν	σκληρός
σκληρόν	σκληρῶν
σκληρός	σκληρὸς
σκοπὸν	σκοπῶν
σκορπίοι	σκορπίον
σκορπίοι	σκορπίου
σκορπίον	σκορπίου
σκορπίον	σκορπίων
σκοτία	σκοτίᾳ
σκοτεινόν	σκοτεινὸν
σκόπει	σκότει
σοί	σοι
σοί	σου
σοί	σού
σοί	σοὶ
σοί	σοῦ
σοι	σου
σοι	σού
σοι	σοὶ
σοι	σοῦ
σολομὼν	σολομῶν
σου	σού
σου	σοὶ
σου	σοῦ
σοφία	σοφίᾳ
σοφίαν	σοφίας
σοφοί	σοφοὶ
σοφούς	σοφοὺς
σοφούς	σοφοῖς
σοφοὺς	σοφοῖς
σοφός	σοφὸς
σού	σοὶ
σού	σοῦ
σοὶ	σοῦ
σοῦ	τοῦ
σοῦ	ἰοῦ
σπέρματί	σπέρματι
σπίλοι	σπίλον
σπαράξαν	σπαράξας
σπείραντι	σπείροντι
σπείρας	σπείρης
σπείρειν	σπείρεις
σπεῖρα	στεῖρα
σπεῖραι	σπεῖραν
σπεῖραι	στεῖραι
σποδῷ	ἀποδῷ
σπουδήν	σπουδὴν
σπουδαιότερον	σπουδαιότερος
σπόρον	σπόρος
στάσει	στήσει
στάσεις	στάσεως
στάσιν	στάσις
στάχυν	στάχυϊ
στέγην	στέγων
στέφανοι	στέφανον
στέφανοι	στέφανος
στέφανον	στέφανος
στέφανον	στέφανόν
στέφανος	στέφανός
στέφανόν	στέφανός
στήκει	στήσει
σταυρώσατε	σταυρώσετε
σταυρὸν	σταυρὸς
σταυρῶσαί	σταυρῶσαι
στερεὸς	στερεᾶς
στηρίξαι	στηρίξει
στοιχεῖα	στοιχεῖν
στοιχεῖα	στοιχεῖς
στοιχεῖν	στοιχεῖς
στρατείαν	στρατείας
στρατευόμενοι	στρατευόμενος
στρατεύματα	στρατεύματι
στρατηγοὺς	στρατηγοῖς
στρατιώτας	στρατιώτης
στρατιώτην	στρατιώτης
στόματί	στόματα
στόματί	στόματι
στόματα	στόματι
στόματος	στόματός
στῆναι	στῆσαι
στῆτε	σχῆτε
στῦλοι	στῦλον
στῦλοι	στῦλος
στῦλον	στῦλος
συγγενίς	συγγενὴς
συγκαθήμενοι	συγκαθήμενος
συζητοῦντας	συζητοῦντες
συζῆν	συκῆν
συκῆ	συκῇ
συκῆν	συκῆς
συλαγωγῶν	συναγωγῶν
συλλέγουσιν	συλλέξουσιν
συμβασιλεύσομεν	συμβασιλεύσωμεν
συμβούλιον	συμβούλιόν
συμεών	συμεὼν
συνάγει	συνάξει
συνάγω	συνάξω
συνέβαλλεν	συνέβαλλον
συνέδραμεν	συνέδραμον
συνέκλεισαν	συνέκλεισεν
συνέλαβεν	συνέλαβον
συνέξουσίν	συνέχουσίν
συνέρχεσθε	συνέρχησθε
συνέσει	συνέχει
συνέταξέν	συνέταξεν
συνήγαγεν	συνήγαγον
συνήχθησάν	συνήχθησαν
συναγωγάς	συναγωγὰς
συναγωγάς	συναγωγῆς
συναγωγήν	συναγωγὴν
συναγωγήν	συναγωγῶν
συναγωγὰς	συναγωγῆς
συναγωγὴ	συναγωγῇ
συναγωγὴν	συναγωγῶν
συνανακειμένοις	συνανακειμένους
συνείδησιν	συνείδησις
συνείπετο	συνείχετο
συνειδήσεως	συνειδήσεώς
συνελθόντας	συνελθόντες
συνεργοί	συνεργοὶ
συνεργοῦντες	συνεργοῦντος
συνεργὸν	συνεργῶν
συνιέντος	συνιόντος
συνιᾶσιν	συνιῶσιν
συνῆκαν	συνῆσαν
συνῆλθαν	συνῆλθεν
συνῆλθαν	συνῆλθον
συνῆλθεν	συνῆλθον
συρίαν	συρίας
συσταυρωθέντες	συσταυρωθέντος
συχέμ	συχὲμ
σωθῇ	σωθῶ
σωματικὴ	σωματικῷ
σωσθένην	σωσθένης
σωτήριον	σωτήριος
σωτήριον	σωτήριόν
σωτηρίαν	σωτηρίας
σωτῆρί	σωτῆρα
σωτῆρί	σωτῆρι
σωτῆρα	σωτῆρι
σόν	σύν
σόν	σὴν
σόν	σὸν
σόν	σὺν
σόν	τόν
σόν	ᾠόν
σύ	σὰ
σύ	σὲ
σύ	σὺ
σύ	σῇ
σύ	σῷ
σύκων	σύρων
σύν	σὴν
σύν	σὸν
σύν	σὺν
σύνδεσμον	σύνδεσμος
σύνδουλοι	σύνδουλος
σύνδουλος	σύνδουλός
σύνδουλόν	σύνδουλός
σύνεσίν	σύνεσιν
σώματί	σώματα
σώματί	σώματι
σώματα	σώματι
σώματος	σώματός
σὰ	σὲ
σὰ	σὺ
σὰ	σῇ
σὰ	σῷ
σὰ	τὰ
σὲ	σὺ
σὲ	σῇ
σὲ	σῷ
σὴθ	σὴμ
σὴθ	σὴν
σὴθ	σὴς
σὴμ	σὴν
σὴμ	σὴς
σὴν	σὴς
σὴν	σὸν
σὴν	σὺν
σὴν	τὴν
σὴς	σὸς
σὴς	σῆς
σὴς	τὴς
σὸν	σὸς
σὸν	σὺν
σὸν	τὸν
σὸς	σῆς
σὸς	ἰὸς
σὺ	σῇ
σὺ	σῷ
σῆς	τῆς
σῇ	σῷ
σῇ	τῇ
σῳζομένοις	σῳζομένους
σῶμά	σῶμα
σῶσον	σῶσόν
σῷ	τῷ
τά	τί
τά	τε
τά	τι
τά	τό
τά	τὰ
τά	τὸ
τά	τῇ
τά	τῷ
τάδε	τῇδε
τάλαντά	τάλαντα
τάλαντον	τάλαντόν
τάξει	τάχει
τάφοις	τάφους
τάφον	τάφος
τάφον	τάφου
τάφος	τάφου
τέκνα	τέκνῳ
τέκνον	τέκνου
τέκνον	τέκνων
τέκνων	τέκτων
τέκῃ	τέξῃ
τέλειοι	τέλειον
τέλειοι	τέλειος
τέλειον	τέλειος
τέλειος	τέλειός
τέσσαρας	τέσσαρες
τέταρτον	τέταρτος
τήν	τόν
τήν	τὴν
τήν	τὸν
τήν	τῶν
τήρησιν	τήρησις
τήρησιν	τήρησον
τί	τε
τί	τι
τί	τό
τί	τὰ
τί	τὸ
τί	τῇ
τί	τῷ
τίμα	τίνα
τίμιον	τίμιος
τίνα	τίνι
τίνα	τινα
τίνας	τίνες
τίνας	τίνος
τίνας	τινας
τίνες	τίνος
τίνες	τινες
τίνι	τινι
τίνος	τίτος
τίνος	τινος
τίνων	τινων
τίς	τις
τίς	τὰς
τίς	τὴς
τίς	τῆς
τίσιν	τισιν
τίτον	τίτος
τίτον	τίτου
τίτος	τίτου
ταμεῖον	ταμεῖόν
ταπεινοφροσύνην	ταπεινοφροσύνης
ταπεινούς	ταπεινοὺς
ταπεινούς	ταπεινοῖς
ταπεινοὺς	ταπεινοῖς
ταρσόν	ταρσὸν
ταχύ	ταχὺ
ταύτας	ταύτης
ταύτην	ταύτης
ταῖς	τοῖς
ταῦτά	ταῦτα
τε	τι
τε	τό
τε	τὰ
τε	τὸ
τε	τῇ
τε	τῷ
τεθέαμαι	τεθέαται
τελείων	τελείως
τελευτᾶν	τελευτῶν
τελώνην	τελώνης
τετάρτην	τετάρτης
τετήρηκαν	τετήρηκας
τετήρηκαν	τετήρηκεν
τεταγμέναι	τεταγμένοι
τετελείωμαι	τετελείωται
τετελειωμένοι	τετελειωμένον
τετελειωμένον	τετελειωμένων
τηρήσατε	τηρήσετε
τηρήσατε	τηρήσητε
τηρήσετε	τηρήσητε
τηρήσω	τηρήσῃ
τηρῇ	τηρῶ
τηρῶν	χηρῶν
τι	τό
τι	τὰ
τι	τὸ
τι	τῇ
τι	τῷ
τιμήν	τιμὴν
τιμήν	τιμῶν
τιμίου	τιτίου
τιμόθεον	τιμόθεος
τιμὰς	τιμῆς
τιμὰς	τινὰς
τιμὴ	τιμᾷ
τιμὴ	τιμῇ
τιμὴ	τιμῶ
τιμὴν	τιμῶν
τιμᾷ	τιμῇ
τιμᾷ	τιμῶ
τιμῇ	τιμῶ
τιμῶν	τινῶν
τινά	τινα
τινά	τινι
τινά	τινὰ
τινά	τινὶ
τινάς	τινές
τινάς	τινας
τινάς	τινες
τινάς	τινος
τινάς	τινός
τινάς	τινὰς
τινάς	τινὲς
τινάς	τινὸς
τινές	τινας
τινές	τινες
τινές	τινος
τινές	τινός
τινές	τινὰς
τινές	τινὲς
τινές	τινὸς
τινα	τινι
τινα	τινὰ
τινα	τινὶ
τινας	τινες
τινας	τινος
τινας	τινός
τινας	τινὰς
τινας	τινὲς
τινας	τινὸς
τινες	τινος
τινες	τινός
τινες	τινὰς
τινες	τινὲς
τινες	τινὸς
τινι	τινὰ
τινι	τινὶ
τινος	τινός
τινος	τινὰς
τινος	τινὲς
τινος	τινὸς
τινων	τινῶν
τινός	τινὰς
τινός	τινὲς
τινός	τινὸς
τινὰ	τινὶ
τινὰς	τινὲς
τινὰς	τινὸς
τινὲς	τινὸς
τις	τὰς
τις	τὴς
τις	τῆς
τισίν	τισιν
τισίν	τισὶν
τισιν	τισὶν
τοιαύτην	τοσαύτην
τοιαῦτα	τοσαῦτα
τοιούτοις	τοιούτους
τοιούτου	τοσούτου
τοιούτους	τοσούτους
τοιούτων	τοσούτων
τοιούτῳ	τοσούτῳ
τοιοῦτο	τοσοῦτο
τοιοῦτοι	τοιοῦτον
τοιοῦτοι	τοιοῦτος
τοιοῦτοι	τοσοῦτοι
τοιοῦτον	τοιοῦτος
τοιοῦτον	τοσοῦτον
τοιοῦτος	τοσοῦτος
τολμᾷ	τολμῶ
τοσοῦτοι	τοσοῦτον
τοσοῦτοι	τοσοῦτος
τοσοῦτον	τοσοῦτος
τούτοις	τούτους
τοὺς	τοῖς
τοῦ	ἰοῦ
τοῦτο	τοῦτό
τράγων	τρώγων
τρέμουσιν	τρέχουσιν
τρέφει	τρέχει
τρέχοντες	τρέχοντος
τρέχω	τρέχῃ
τρία	τρίς
τρίζει	ὁρίζει
τρίς	τρὶς
τρίτη	τρίτῃ
τρίτην	τρίτης
τρίτην	τρίτον
τρίτης	τρίτος
τρίτον	τρίτος
τρίτον	τρίτου
τρίτος	τρίτου
τρίχας	τρίχες
τραπέζας	τραπέζης
τρεῖς	ἐρεῖς
τρισίν	τρισὶν
τροπῆς	τροφῆς
τροφή	τροφὴ
τροφὰς	τροφὸς
τροφὰς	τροφῆς
τροφὸς	τροφῆς
τρόμος	τρόμου
τρόμος	τρόπος
τρόμῳ	τρόπῳ
τρόπον	τρόπος
τρόφιμον	τρόφιμος
τρῳάδα	τρῳάδι
τυφλέ	τυφλῷ
τυφλοί	τυφλοὶ
τυφλοί	τυφλοῦ
τυφλούς	τυφλοὺς
τυφλούς	τυφλοῖς
τυφλοὶ	τυφλοῦ
τυφλοὺς	τυφλοῖς
τυφλόν	τυφλός
τυφλόν	τυφλὸν
τυφλόν	τυφλῶν
τυφλός	τυφλὸς
τυφλὸν	τυφλὸς
τυφλὸν	τυφλῶν
τυχικόν	τυχικὸν
τυχικόν	ψυχικόν
τυχικὸν	τυχικὸς
τυχικὸς	ψυχικὸς
τυχὸν	τυχὼν
τό	τὰ
τό	τὸ
τό	τῇ
τό	τῷ
τόκῳ	τόπῳ
τόν	τὴν
τόν	τὸν
τόν	τῶν
τόν	ᾠόν
τόξον	τόπον
τόποις	τόπους
τόπον	τόπος
τόπον	τόπου
τόπον	τόπων
τόπον	τύπον
τόπος	τόπου
τόπος	τύπος
τόπους	τύπους
τύποι	τύπον
τύποι	τύπος
τύποι	τύχοι
τύπον	τύπος
τύπον	τύρον
τύρον	τύρου
τὰ	τὸ
τὰ	τῇ
τὰ	τῷ
τὰς	τὴς
τὰς	τῆς
τὴν	τὴς
τὴν	τὸν
τὴν	τῶν
τὴς	τῆς
τὸ	τῇ
τὸ	τῷ
τὸν	τῶν
τῇ	τῷ
υἱέ	υἱὲ
υἱέ	υἱῷ
υἱοί	υἱοὶ
υἱοί	υἱοῦ
υἱοθεσίαν	υἱοθεσίας
υἱούς	υἱοὺς
υἱούς	υἱοῖς
υἱοὶ	υἱοῦ
υἱοὺς	υἱοῖς
υἱόν	υἱός
υἱόν	υἱὸν
υἱόν	υἱῶν
υἱός	υἱὸς
υἱὲ	υἱῷ
υἱὸν	υἱὸς
υἱὸν	υἱῶν
φάγε	φάγω
φάγε	φάγῃ
φάγεσαι	φάγεται
φάγετε	φάγητε
φάγητε	φύγητε
φάγοι	φάγος
φάγος	φάγῃς
φάγω	φάγῃ
φάγῃ	φάνῃ
φάσις	φύσις
φέρε	φέρῃ
φέρετέ	φέρετε
φέρετε	φέρητε
φέρον	φέρων
φέρον	φόρον
φέρουσαι	φέρουσαν
φέρουσαν	φέρουσιν
φήλικα	φήλικι
φίλας	φίλος
φίλιππον	φίλιππος
φίλοι	φίλον
φίλοι	φίλος
φίλοις	φίλους
φίλον	φίλος
φίλον	φίλων
φαγεῖν	φυγεῖν
φανερά	φανερὰ
φανερά	φανερῷ
φανερούμενοι	φανερούμενον
φανερόν	φανερὸν
φανερὰ	φανερῷ
φανῇ	φωνῇ
φανῶν	φωνῶν
φαραώ	φαραὼ
φαρισαίοις	φαρισαίους
φαρισαῖοι	φαρισαῖος
φαρισαῖος	φαρισαῖός
φαρμακεία	φαρμακείᾳ
φασίν	φησίν
φείδομαι	φείσομαι
φειδόμενοι	φειδόμενος
φερομένην	φερομένης
φησίν	φησιν
φησιν	φύσιν
φθονοῦντες	φρονοῦντες
φθοράν	φθορὰν
φθορὰ	φθορᾷ
φθόνοι	φθόνον
φθόνοι	φθόνος
φθόνοι	φθόνου
φθόνον	φθόνος
φθόνον	φθόνου
φθόνος	φθόνου
φιλίπποις	φιλίππους
φιλαδελφία	φιλαδελφίᾳ
φιλαδελφίαν	φιλαδελφίας
φιλοξενίαν	φιλοξενίας
φιλόξενοι	φιλόξενον
φιλῶν	φυλῶν
φοίνικες	χοίνικες
φοβούμεναι	φοβούμενοι
φοβούμενοί	φοβούμενοι
φοβούμενοί	φοβούμενος
φοβούμενοι	φοβούμενος
φοινίκην	φοινίκης
φοινίκην	φοινίκων
φονεύς	φονεὺς
φονεύς	φονεῖς
φονεὺς	φονεῖς
φορτίον	φορτίου
φορῶν	χορῶν
φρεσίν	φρεσὶν
φρονεῖν	φρονεῖς
φρόνιμοι	φρόνιμος
φυλάξαι	φυλάξει
φυλακάς	φυλακὰς
φυλακάς	φυλακῆς
φυλακήν	φυλακὴν
φυλακὰς	φυλακῆς
φυλακὴ	φυλακῇ
φυλὰς	φυλῆς
φυλὴν	φυλῶν
φωνάς	φωνὰς
φωνάς	φωνῆς
φωνήν	φωνὴν
φωνήν	φωνῶν
φωνὰς	φωνῆς
φωνὴ	φωνῇ
φωνὴν	φωνῶν
φωνῆσαι	φωνῆσαν
φωτί	φωτὶ
φωτίζει	φωτίσει
φωτίσαι	φωτίσει
φωτεινόν	φωτεινὸν
φωτισθέντας	φωτισθέντες
φωτός	φωτὸς
φόβοι	φόβον
φόβοι	φόβος
φόβοι	φόβου
φόβοι	φόνοι
φόβον	φόβος
φόβον	φόβου
φόβον	φόνον
φόβον	φόρον
φόβος	φόβου
φόβου	φόνου
φόβου	φόρου
φόβῳ	φόνῳ
φόνοι	φόνον
φόνοι	φόνου
φόνον	φόνου
φόνον	φόνων
φόνον	φόρον
φόνου	φόρου
φόρον	φόρου
φύλακές	φύλακας
φύσει	ῥύσει
φύσιν	φύσις
φύσις	ῥύσις
φῆστον	φῆστος
φῶτα	ἰῶτα
χάριν	χάρις
χάριτί	χάριτα
χάριτί	χάριτι
χάριτα	χάριτι
χάρτου	χόρτου
χήρα	χώρα
χήραις	χώραις
χήραν	χήρας
χήραν	χώραν
χήρας	χώρας
χαίρομεν	χαίρωμεν
χαίρω	χαίρῃ
χαίρων	χείρων
χαίρων	χοίρων
χαλεποί	χαλεποὶ
χαλκόν	χαλκὸν
χαλκὸν	χαλκὸς
χαμαί	χαμαὶ
χαρά	χαρὰ
χαρά	χαρᾷ
χαράν	χαρὰν
χαρήσεται	χαρίσεται
χαρίσματα	χαρίσματι
χαρισθῆναι	χωρισθῆναι
χαρὰ	χαρᾷ
χείλεσίν	χείλεσιν
χείρ	χεὶρ
χείρων	χοίρων
χειμών	χειμὼν
χειμῶνος	χειμῶνός
χειρί	χειρὶ
χειρός	χειρὸς
χερσίν	χερσὶν
χεῖρά	χεῖρα
χεῖράς	χεῖρας
χεῖράς	χεῖρες
χεῖρας	χεῖρες
χεῖρον	χεῖρόν
χηρῶν	χορῶν
χιλίαρχοι	χιλίαρχον
χιλίαρχοι	χιλίαρχος
χιλίαρχον	χιλίαρχος
χιτῶνά	χιτῶνα
χλωρός	χλωρὸς
χλωρὸν	χλωρὸς
χλόης	ἀλόης
χοϊκοί	χοϊκοῦ
χρή	χρῶ
χρίσας	ὁρίσας
χρείαν	χρείας
χρηματίσαι	χρηματίσει
χρηστός	χρηστὸς
χρηστός	χριστός
χρηστότητα	χρηστότητι
χρηστὸν	χρηστὸς
χρηστὸν	χριστὸν
χρηστὸς	χριστὸς
χριστέ	χριστῷ
χριστόν	χριστός
χριστόν	χριστὸν
χριστόν	ἄριστόν
χριστός	χριστὸς
χριστὸν	χριστὸς
χρονίζει	χρονίσει
χρυσίον	χρυσίου
χρυσίον	χρυσίων
χρυσοῦν	χρυσοῦς
χρυσόν	χρυσὸν
χρυσόν	χρυσᾶν
χρυσόν	χρυσῶν
χρυσόν	χρῆσόν
χρυσὸν	χρυσὸς
χρυσὸν	χρυσᾶν
χρυσὸν	χρυσῶν
χρυσὸς	χρυσᾶς
χρυσᾶ	χρυσῆ
χρυσᾶ	χρυσῷ
χρυσᾶν	χρυσᾶς
χρυσᾶν	χρυσῶν
χρυσῆ	χρυσῷ
χρόνοις	χρόνους
χρόνον	χρόνος
χρόνον	χρόνου
χρόνον	χρόνων
χρόνος	χρόνου
χρῆσαι	χρῆται
χρῆσιν	χρῆσόν
χρῶ	ἀρῶ
χρῶ	ἐρῶ
χρῶ	ὁρῶ
χωλούς	χωλοὺς
χωλόν	χωλὸν
χωλόν	χωλῶν
χωλὸν	χωλὸς
χωλὸν	χωλῶν
χωρία	χωρίς
χωρίον	χωρίου
χωρίον	χωρίων
χωρίς	χωρὶς
χωρίσαι	χωρίσει
χωρίσαι	χωρῆσαι
χόρτον	χόρτος
χόρτον	χόρτου
χόρτος	χόρτου
χώρα	χώρᾳ
χώραν	χώρας
ψαλμὸν	ψαλμῶν
ψευδαδέλφοις	ψευδαδέλφους
ψευδομαρτυρίαι	ψευδομαρτυρίαν
ψευδοπροφήτην	ψευδοπροφήτης
ψεύσασθαί	ψεύσασθαι
ψεύστην	ψεύστης
ψυχάς	ψυχὰς
ψυχάς	ψυχῆς
ψυχή	ψυχὴ
ψυχή	ψυχῇ
ψυχήν	ψυχὴν
ψυχήν	ψυχῶν
ψυχαί	ψυχαὶ
ψυχρός	ψυχρὸς
ψυχὰς	ψυχῆς
ψυχὴ	ψυχῇ
ψυχὴν	ψυχῶν
ἀαρών	ἀαρὼν
ἀβιά	ἀβιὰ
ἀβιούδ	ἀβιοὺδ
ἀβραάμ	ἀβραὰμ
ἀγάγετέ	ἀγάγετε
ἀγάγετε	ἀπάγετε
ἀγάγετε	ἠγάγετε
ἀγάγῃ	ἀγάπῃ
ἀγάπη	ἀγάπῃ
ἀγάπην	ἀγάπης
ἀγαθά	ἀγαθέ
ἀγαθά	ἀγαθή
ἀγαθά	ἀγαθὰ
ἀγαθά	ἀγαθὲ
ἀγαθά	ἀγαθὴ
ἀγαθά	ἀγαθῇ
ἀγαθά	ἀγαθῷ
ἀγαθάς	ἀγαθός
ἀγαθάς	ἀγαθὰς
ἀγαθάς	ἀγαθὸς
ἀγαθάς	ἀγαθῆς
ἀγαθέ	ἀγαθή
ἀγαθέ	ἀγαθὰ
ἀγαθέ	ἀγαθὲ
ἀγαθέ	ἀγαθὴ
ἀγαθέ	ἀγαθῇ
ἀγαθέ	ἀγαθῷ
ἀγαθή	ἀγαθὰ
ἀγαθή	ἀγαθὲ
ἀγαθή	ἀγαθὴ
ἀγαθή	ἀγαθῇ
ἀγαθή	ἀγαθῷ
ἀγαθήν	ἀγαθόν
ἀγαθήν	ἀγαθὴν
ἀγαθήν	ἀγαθὸν
ἀγαθήν	ἀγαθῶν
ἀγαθοποιοῦντας	ἀγαθοποιοῦντες
ἀγαθούς	ἀγαθοὺς
ἀγαθούς	ἀγαθοῖς
ἀγαθοὺς	ἀγαθοῖς
ἀγαθωσύνη	ἀγαθωσύνῃ
ἀγαθόν	ἀγαθός
ἀγαθόν	ἀγαθὴν
ἀγαθόν	ἀγαθὸν
ἀγαθόν	ἀγαθῶν
ἀγαθός	ἀγαθὰς
ἀγαθός	ἀγαθὸς
ἀγαθός	ἀγαθῆς
ἀγαθὰ	ἀγαθὲ
ἀγαθὰ	ἀγαθὴ
ἀγαθὰ	ἀγαθῇ
ἀγαθὰ	ἀγαθῷ
ἀγαθὰς	ἀγαθὸς
ἀγαθὰς	ἀγαθῆς
ἀγαθὲ	ἀγαθὴ
ἀγαθὲ	ἀγαθῇ
ἀγαθὲ	ἀγαθῷ
ἀγαθὴ	ἀγαθῇ
ἀγαθὴ	ἀγαθῷ
ἀγαθὴν	ἀγαθὸν
ἀγαθὴν	ἀγαθῶν
ἀγαθὸν	ἀγαθὸς
ἀγαθὸν	ἀγαθῶν
ἀγαθὸς	ἀγαθῆς
ἀγαθῇ	ἀγαθῷ
ἀγαθῶν	ἀγαπῶν
ἀγαπήσαντος	ἀγαπήσαντός
ἀγαπήσατε	ἀγαπήσητε
ἀγαπητά	ἀγαπητέ
ἀγαπητά	ἀγαπητὰ
ἀγαπητά	ἀγαπητῷ
ἀγαπητέ	ἀγαπητὰ
ἀγαπητέ	ἀγαπητῷ
ἀγαπητέ	ἀγαπᾶτέ
ἀγαπητήν	ἀγαπητόν
ἀγαπητήν	ἀγαπητὸν
ἀγαπητοί	ἀγαπητοὶ
ἀγαπητοί	ἀγαπητοῦ
ἀγαπητοὶ	ἀγαπητοῦ
ἀγαπητόν	ἀγαπητός
ἀγαπητόν	ἀγαπητὸν
ἀγαπητός	ἀγαπητὸς
ἀγαπητὰ	ἀγαπητῷ
ἀγαπητὸν	ἀγαπητὸς
ἀγαπᾶν	ἀγαπῶν
ἀγαπᾶτέ	ἀγαπᾶτε
ἀγαπᾶτέ	ἠγαπᾶτέ
ἀγαπᾶτε	ἠγαπᾶτε
ἀγαπᾷ	ἀγαπῶ
ἀγγέλοις	ἀγγέλους
ἀγνοούμενοι	ἀγνοούμενος
ἀγοράζοντας	ἀγοράζοντες
ἀγοράσαι	ἀγοράσας
ἀγρούς	ἀγροὺς
ἀγροῦ	ἀφροῦ
ἀγρόν	ἀγρός
ἀγρόν	ἀγρὸν
ἀγρόν	ἀγρῶν
ἀγρός	ἀγρὸς
ἀγρὸν	ἀγρὸς
ἀγρὸν	ἀγρῶν
ἀγρῷ	ὑγρῷ
ἀγῶνα	ἀγῶνι
ἀδάμ	ἀδὰμ
ἀδάμ	ἀράμ
ἀδίκημά	ἀδίκημα
ἀδίκων	ἀδίκως
ἀδελφάς	ἀδελφός
ἀδελφάς	ἀδελφὰς
ἀδελφάς	ἀδελφὸς
ἀδελφάς	ἀδελφῆς
ἀδελφέ	ἀδελφή
ἀδελφέ	ἀδελφὴ
ἀδελφέ	ἀδελφῇ
ἀδελφέ	ἀδελφῷ
ἀδελφή	ἀδελφὴ
ἀδελφή	ἀδελφῇ
ἀδελφή	ἀδελφῷ
ἀδελφαὶ	ἀδελφοὶ
ἀδελφοί	ἀδελφοὶ
ἀδελφοί	ἀδελφοῦ
ἀδελφούς	ἀδελφοὺς
ἀδελφούς	ἀδελφοῖς
ἀδελφοὶ	ἀδελφοῦ
ἀδελφοὺς	ἀδελφοῖς
ἀδελφόν	ἀδελφός
ἀδελφόν	ἀδελφὴν
ἀδελφόν	ἀδελφὸν
ἀδελφόν	ἀδελφῶν
ἀδελφός	ἀδελφὰς
ἀδελφός	ἀδελφὸς
ἀδελφός	ἀδελφῆς
ἀδελφότητα	ἀδελφότητι
ἀδελφὰς	ἀδελφὸς
ἀδελφὰς	ἀδελφῆς
ἀδελφὴ	ἀδελφῇ
ἀδελφὴ	ἀδελφῷ
ἀδελφὴν	ἀδελφὸν
ἀδελφὴν	ἀδελφῶν
ἀδελφὸν	ἀδελφὸς
ἀδελφὸν	ἀδελφῶν
ἀδελφὸς	ἀδελφῆς
ἀδελφῇ	ἀδελφῷ
ἀδιάλειπτον	ἀδιάλειπτος
ἀδικία	ἀδικίᾳ
ἀδικίαν	ἀδικίας
ἀδικούμενοι	ἀδικούμενον
ἀδόκιμοί	ἀδόκιμοι
ἀδόκιμοί	ἀδόκιμον
ἀδόκιμοί	ἀδόκιμος
ἀδόκιμοι	ἀδόκιμον
ἀδόκιμοι	ἀδόκιμος
ἀδόκιμον	ἀδόκιμος
ἀδύνατον	ἀδύνατος
ἀδύνατον	ἀδύνατόν
ἀδὰμ	ἀρὰμ
ἀετοί	ἀετοὶ
ἀετοί	ἀετοῦ
ἀετοὶ	ἀετοῦ
ἀζώρ	ἀζὼρ
ἀθέτησιν	ἀθέτησις
ἀκάθαρτά	ἀκάθαρτα
ἀκάθαρτον	ἀκάθαρτος
ἀκάρποις	ἀκάρπους
ἀκαθαρσία	ἀκαθαρσίᾳ
ἀκαθαρσίαν	ἀκαθαρσίας
ἀκατάστατον	ἀκατάστατος
ἀκαταστασίαι	ἀκαταστασίας
ἀκμὴν	ἀκοὴν
ἀκοή	ἀκοὴ
ἀκοή	ἀκοῇ
ἀκοήν	ἀκοὴν
ἀκολουθοῦντα	ἀκολουθοῦντι
ἀκολουθοῦντας	ἀκολουθοῦντες
ἀκολουθοῦσίν	ἀκολουθοῦσιν
ἀκολούθει	ἠκολούθει
ἀκούειν	ἀκούεις
ἀκούοντάς	ἀκούοντας
ἀκούοντάς	ἀκούοντες
ἀκούοντάς	ἀκούοντος
ἀκούοντα	ἀκούοντι
ἀκούοντας	ἀκούοντες
ἀκούοντας	ἀκούοντος
ἀκούοντες	ἀκούοντος
ἀκούσασιν	ἀκούσωσιν
ἀκούσατέ	ἀκούσατε
ἀκούσατέ	ἠκούσατέ
ἀκούσατε	ἀκούσετε
ἀκούσατε	ἀκούσητε
ἀκούσατε	ἠκούσατε
ἀκούσετε	ἀκούσητε
ἀκοὰς	ἀκοῆς
ἀκοὴ	ἀκοῇ
ἀκοῦσαί	ἀκοῦσαι
ἀκράτου	ἀοράτου
ἀκρίδας	ἀκρίδες
ἀκρασίαν	ἀκρασίας
ἀκροβυστία	ἀκροβυστίᾳ
ἀκροβυστίαν	ἀκροβυστίας
ἀκύλαν	ἀκύλας
ἀλέξανδρον	ἀλέξανδρος
ἀλήθειά	ἀλήθεια
ἀλαζόνας	ἀλαζόνες
ἀληθές	ἀληθής
ἀληθές	ἀληθὲς
ἀληθές	ἀληθὴς
ἀληθές	ἀληθῶς
ἀληθής	ἀληθὲς
ἀληθής	ἀληθὴς
ἀληθής	ἀληθῶς
ἀληθινή	ἀληθινὴ
ἀληθινή	ἀληθινῷ
ἀληθιναὶ	ἀληθινοὶ
ἀληθινοί	ἀληθινοὶ
ἀληθινόν	ἀληθινός
ἀληθινόν	ἀληθινὸν
ἀληθινόν	ἀληθινῶν
ἀληθινός	ἀληθινὸς
ἀληθινός	ἀληθινῆς
ἀληθινὴ	ἀληθινῷ
ἀληθινὸν	ἀληθινὸς
ἀληθινὸν	ἀληθινῶν
ἀληθινὸς	ἀληθινῆς
ἀληθὲς	ἀληθὴς
ἀληθὲς	ἀληθῶς
ἀληθὴς	ἀληθῶς
ἀλλά	ἀλλὰ
ἀλλάξαι	ἀλλάξει
ἀλλήλοις	ἀλλήλους
ἀλλοτρίαις	ἀλλοτρίοις
ἀλλοτρίαν	ἀλλοτρίων
ἀλλοτρίᾳ	ἀλλοτρίῳ
ἀμήν	ἀμὴν
ἀμήν	ἐμήν
ἀμίαντον	ἀμίαντος
ἀμιναδάβ	ἀμιναδὰβ
ἀμπελῶνα	ἀμπελῶνι
ἀμφοτέροις	ἀμφοτέρους
ἀμώς	ἀμὼς
ἀμὴν	ἐμὴν
ἀνάβατε	ἀνάβητε
ἀνάβλεψιν	ἀνάβλεψον
ἀνάγκη	ἀνάγκῃ
ἀνάγκην	ἀνάγκης
ἀνάμνησιν	ἀνάμνησις
ἀνάπαυσιν	ἀνάπαυσόν
ἀνάστασιν	ἀνάστασις
ἀνέβη	ἀνέθη
ἀνέβη	ἐνέβη
ἀνέβησαν	ἀπέβησαν
ἀνέβησαν	ἐνέβησαν
ἀνέβλεψέν	ἀνέβλεψαν
ἀνέβλεψέν	ἀνέβλεψεν
ἀνέβλεψαν	ἀνέβλεψεν
ἀνέβλεψεν	ἐνέβλεψεν
ἀνέγκλητοι	ἀνέγκλητον
ἀνέγκλητοι	ἀνέγκλητος
ἀνέγκλητον	ἀνέγκλητος
ἀνέδειξεν	ἀπέδειξεν
ἀνέθετο	ἀπέθετο
ἀνέκραξαν	ἀνέκραξεν
ἀνέμοις	ἀνέμους
ἀνέμοις	ἀνόμοις
ἀνέμους	ἀνόμους
ἀνέμων	ἀνόμων
ἀνέντες	ἀφέντες
ἀνέπεσαν	ἀνέπεσεν
ἀνέπεσαν	ἀπέπεσαν
ἀνέστη	ἀπέστη
ἀνέστησαν	ἀνέστησεν
ἀνέστησαν	ἀπέστησαν
ἀνέχεσθέ	ἀνέχεσθε
ἀνέχεσθε	ἀπέχεσθε
ἀνέχεσθε	ἐνέχεσθε
ἀνέῳγεν	ἀνέῳξεν
ἀνήγαγον	ἀπήγαγον
ἀνήγγειλάν	ἀνήγγειλεν
ἀνήγγειλεν	ἀπήγγειλεν
ἀνήγγελλον	ἀπήγγελλον
ἀνήρ	ἀνὴρ
ἀνήρ	ἀσήρ
ἀνήφθη	ἀνήχθη
ἀναβαίνομεν	ἀνεβαίνομεν
ἀναβαίνοντας	ἀναβαίνοντες
ἀναβλέψας	ἀναβλέψῃς
ἀναβλέψω	ἀναβλέψῃ
ἀναγαγών	ἀναγαγὼν
ἀναγαγὼν	ἀπαγαγὼν
ἀναγγέλλομεν	ἀπαγγέλλομεν
ἀναγγέλλοντες	ἀπαγγέλλοντες
ἀναγγέλλων	ἀπαγγέλλων
ἀναγγελεῖ	ἀπαγγελεῖ
ἀναγγεῖλαι	ἀπαγγεῖλαι
ἀναγινώσκοντες	ἀναγινώσκοντος
ἀναιρεῖν	ἀφαιρεῖν
ἀνακάμψαι	ἀνακάμψει
ἀνακειμένοις	ἀνακειμένους
ἀνακύψαι	ἀνακύψας
ἀναλάβετε	ἀνελάβετε
ἀναλῦσαι	ἀναλῶσαι
ἀναντιρρήτων	ἀναντιρρήτως
ἀναπαήσονται	ἀναπαύσονται
ἀνασπάσει	ἀναστάσει
ἀναστάς	ἀναστὰς
ἀναστάσει	ἀναστήσει
ἀναστάσεως	ἀναστάσεώς
ἀναστροφήν	ἀναστροφὴν
ἀναστὰν	ἀναστὰς
ἀνατολὴ	ἀνατολῇ
ἀναχθῆναι	ἀπαχθῆναι
ἀνδρέαν	ἀνδρέας
ἀνδρί	ἀνδρὶ
ἀνδρός	ἀνδρὸς
ἀνείλατε	ἀνείλατο
ἀνελεῖ	ἀφελεῖ
ἀνελεῖν	ἀντλεῖν
ἀνελεῖν	ἀφελεῖν
ἀνενέγκαι	ἀνενέγκας
ἀνενεγκεῖν	ἀπενεγκεῖν
ἀνεξιχνίαστοι	ἀνεξιχνίαστον
ἀνεπίλημπτοι	ἀνεπίλημπτον
ἀνεσπάσθη	ἀπεσπάσθη
ἀνεστράφημέν	ἀνεστράφημεν
ἀνεχώρησαν	ἀνεχώρησεν
ἀνεῖλαν	ἀνεῖλεν
ἀνεῖλεν	ἀνεῖλες
ἀνεῖλεν	ἀφεῖλεν
ἀνεῳγμένας	ἀνεῳγμένης
ἀνεῳγμένας	ἀνεῳγμένος
ἀνεῳγμένης	ἀνεῳγμένος
ἀνεῳγμένον	ἀνεῳγμένος
ἀνεῳγμένον	ἀνεῳγμένων
ἀνεῳγμένον	ἠνεῳγμένον
ἀνεῴχθησαν	ἠνεῴχθησαν
ἀνηγγέλη	ἀπηγγέλη
ἀνθ	ἀνὰ
ἀνθ	ἀνῶ
ἀνθρώπινον	ἀνθρώπινος
ἀνθρώποις	ἀνθρώπους
ἀνθύπατοί	ἀνθύπατον
ἀνθύπατοί	ἀνθύπατος
ἀνθύπατον	ἀνθύπατος
ἀνοήτοις	ἀνοήτους
ἀνοίγει	ἀνοίξει
ἀνοίξω	ἀνοίξῃ
ἀνομία	ἀνομίᾳ
ἀνομίαι	ἀνομίαν
ἀνομίαι	ἀνομίας
ἀνομίαν	ἀνομίας
ἀντίχριστοι	ἀντίχριστος
ἀνταποδοῦναί	ἀνταποδοῦναι
ἀνταπόδομά	ἀνταπόδομα
ἀντικείμενοι	ἀντικείμενος
ἀντιλέγοντας	ἀντιλέγοντες
ἀντιλογίαν	ἀντιλογίας
ἀνυπόκριτον	ἀνυπόκριτος
ἀνυπότακτοι	ἀνυπότακτον
ἀνόητοί	ἀνόητοι
ἀνόμοις	ἀνόμους
ἀνόμων	ἀνόμως
ἀνὰ	ἀνῶ
ἀνὴρ	ἀσὴρ
ἀνῆκεν	ἀνῆκον
ἀνῆκεν	ἀφῆκεν
ἀνῆλθεν	ἀνῆλθον
ἀνῆλθεν	ἀπῆλθεν
ἀνῆλθον	ἀπῆλθον
ἀνῶ	ἀρῶ
ἀξία	ἀσία
ἀπ	ἀφ
ἀπ	ἐπ
ἀπ	ὑπ
ἀπάγετε	ὑπάγετε
ἀπάντησιν	ὑπάντησιν
ἀπάτη	ἀπάτῃ
ἀπέδειξεν	ὑπέδειξεν
ἀπέδετο	ἀπέθετο
ἀπέθανεν	ἀπέθανον
ἀπέθεντο	ἐπέθεντο
ἀπέκοψαν	ἀπέκοψεν
ἀπέκτειναν	ἀπέκτεινεν
ἀπέλαβεν	ἀπέλαβες
ἀπέλαβεν	ὑπέλαβεν
ἀπέλθω	ἀπέλθῃ
ἀπέλθῃ	ἐπέλθῃ
ἀπέλιπον	ἀπέλιπόν
ἀπέλυεν	ἐπέλυεν
ἀπέλυσαν	ἀπέλυσεν
ἀπέπεσαν	ἐπέπεσαν
ἀπέσταλκέν	ἀπέσταλκαν
ἀπέσταλκέν	ἀπέσταλκεν
ἀπέσταλκαν	ἀπέσταλκεν
ἀπέστειλέν	ἀπέστειλαν
ἀπέστειλέν	ἀπέστειλεν
ἀπέστειλα	ἐπέστειλα
ἀπέστειλαν	ἀπέστειλας
ἀπέστειλαν	ἀπέστειλεν
ἀπέστη	ἐπέστη
ἀπέστησαν	ἐπέστησαν
ἀπέχουσαν	ἀπέχουσιν
ἀπήγγειλαν	ἀπήγγειλεν
ἀπήνεγκέν	ἀπήνεγκαν
ἀπήντησαν	ὑπήντησαν
ἀπίστου	ἀρίστου
ἀπαγγέλλοντας	ἀπαγγέλλοντες
ἀπαγγείλατέ	ἀπαγγείλατε
ἀπαγγεῖλαί	ἀπαγγεῖλαι
ἀπαρχήν	ἀπαρχὴν
ἀπεδέξατο	ὑπεδέξατο
ἀπειθήσασίν	ἀπειθήσασιν
ἀπειλὰς	ἀπειλῆς
ἀπεκάλυψέν	ἀπεκάλυψεν
ἀπεκδεχομένοις	ἀπεκδεχομένους
ἀπεκδυσάμενοι	ἀπεκδυσάμενος
ἀπεκρίθην	ἀπεκρίθης
ἀπελθὼν	ἐπελθὼν
ἀπενεγκεῖν	ἐπενεγκεῖν
ἀπενεγκεῖν	ὑπενεγκεῖν
ἀπερχομένων	ἐπερχομένων
ἀπεσταλμένοι	ἀπεσταλμένος
ἀπεῖχεν	ἐπεῖχεν
ἀπιστία	ἀπιστίᾳ
ἀπιστίαν	ἀπιστίας
ἀποδεξάμενοι	ἀποδεξάμενος
ἀποθέσθαι	ἀπολέσθαι
ἀποθανόντα	ἀποθανόντι
ἀποθανόντες	ἀποθανόντος
ἀποθανών	ἀποθανὼν
ἀποθνῄσκομεν	ἀποθνῄσκωμεν
ἀποκάλυψιν	ἀποκάλυψις
ἀποκαλύψαι	ἀποκαλύψει
ἀποκαλύψεις	ἀποκαλύψεως
ἀποκαλύψεων	ἀποκαλύψεως
ἀποκεκρυμμένην	ἀποκεκρυμμένον
ἀποκεκρυμμένον	ἀποκεκρυμμένου
ἀποκρίσει	ὑποκρίσει
ἀποκτεινάντων	ἀποκτεινόντων
ἀποκτεινόντων	ἀποκτεννόντων
ἀποκύει	ἀπολύει
ἀπολέσαι	ἀπολέσας
ἀπολέσαι	ἀπολέσει
ἀπολέσαι	ἀπολῦσαι
ἀπολέσας	ἀπολύσας
ἀπολέσω	ἀπολέσῃ
ἀπολέσω	ἀπολύσω
ἀπολέσῃ	ἀπολύσῃ
ἀπολελυμένην	ἀπολελυμένον
ἀπολλῶν	ἀπολλῶς
ἀπολογία	ἀπολογίᾳ
ἀπολογίαν	ἀπολογίας
ἀπολωλός	ἀπολωλὸς
ἀπολωλός	ἀπολωλὼς
ἀπολωλὸς	ἀπολωλὼς
ἀπολύειν	ἀπολύεις
ἀπολύσας	ἀπολύσῃς
ἀπολύσω	ἀπολύσῃ
ἀπολύτρωσιν	ἀπολύτρωσις
ἀπολῦσαί	ἀπολῦσαι
ἀπορούμενοι	ἀπορούμενος
ἀποστέλλω	ἀποστέλλῃ
ἀποστείλαντας	ἀποστείλαντες
ἀποστείλω	ἀποστείλῃ
ἀποστολῆς	ὑποστολῆς
ἀποστρέφειν	ὑποστρέφειν
ἀποστόλοις	ἀποστόλους
ἀποσυνάγωγοι	ἀποσυνάγωγος
ἀποτάσσεται	ὑποτάσσεται
ἀπρόσκοποι	ἀπρόσκοπον
ἀπό	ἀπὸ
ἀπό	ὑπό
ἀπόκειταί	ἀπόκειται
ἀπόκρισιν	ὑπόκρισιν
ἀπόκρυφοι	ἀπόκρυφον
ἀπόλλυμαι	ἀπόλλυται
ἀπόστολοι	ἀπόστολον
ἀπόστολοι	ἀπόστολος
ἀπόστολον	ἀπόστολος
ἀπώλεια	ἀπώλεσα
ἀπὸ	ὑπὸ
ἀπῆλθαν	ἀπῆλθεν
ἀπῆλθαν	ἀπῆλθον
ἀπῆλθαν	ἀπῆλθόν
ἀπῆλθαν	ἐπῆλθαν
ἀπῆλθεν	ἀπῆλθον
ἀπῆλθεν	ἀπῆλθόν
ἀπῆλθον	ἀπῆλθόν
ἀράμ	ἀρὰμ
ἀρίσταρχον	ἀρίσταρχος
ἀργή	ἀρχή
ἀργή	ὀργή
ἀργαί	ἀργαὶ
ἀργαί	ἀργοί
ἀργαὶ	ἀρχαὶ
ἀργεῖ	ἀρκεῖ
ἀργούς	ἀργοὺς
ἀργύριά	ἀργύρια
ἀργύριον	ἀργύριόν
ἀρείου	ἀρνίου
ἀρετὴ	ἀρετῇ
ἀρθήσεται	ἀρνήσεται
ἀρθῇ	ἀρχῇ
ἀριθμὸν	ἀριθμὸς
ἀρκετὸν	ἀρκετὸς
ἀρκούμενοι	ἀρκούμενος
ἀρκούμενοι	ἀρνούμενοι
ἀρκούμενος	ἀρνούμενος
ἀρνία	ἀρνίῳ
ἀρνίον	ἀρνίου
ἀρνούμενοι	ἀρνούμενος
ἀρξάμενοι	ἀρξάμενος
ἀροτριᾶν	ἀροτριῶν
ἀροῦσίν	ἀροῦσιν
ἀροῦσίν	ἐροῦσίν
ἀροῦσιν	ἐροῦσιν
ἀρρώστοις	ἀρρώστους
ἀρχάς	ἀρχὰς
ἀρχάς	ἀρχῆς
ἀρχή	ἀρχὴ
ἀρχή	ἀρχῇ
ἀρχαῖα	ἀρχαῖς
ἀρχιερέων	ἀρχιερέως
ἀρχιερεύς	ἀρχιερεὺς
ἀρχιερεύς	ἀρχιερεῖς
ἀρχιερεὺς	ἀρχιερεῖς
ἀρχισυνάγωγοι	ἀρχισυνάγωγον
ἀρχισυνάγωγοι	ἀρχισυνάγωγος
ἀρχισυνάγωγον	ἀρχισυνάγωγος
ἀρχομένων	ἐρχομένων
ἀρχόμεθα	ἐρχόμεθα
ἀρχόμενος	ἐρχόμενος
ἀρχὰς	ἀρχῆς
ἀρχὴ	ἀρχῇ
ἀρῶ	ἐρῶ
ἀρῶ	ὁρῶ
ἀσάλευτον	ἀσάλευτος
ἀσάφ	ἀσὰφ
ἀσήρ	ἀσὴρ
ἀσία	ἀσίᾳ
ἀσίαν	ἀσίας
ἀσθενής	ἀσθενὲς
ἀσθενής	ἀσθενὴς
ἀσθενὲς	ἀσθενὴς
ἀσθενῆ	ἀσθενῶ
ἀσιτίας	ἀσωτίας
ἀσκοί	ἀσκοὶ
ἀσκούς	ἀσκοὺς
ἀσπάζεταί	ἀσπάζεται
ἀσπάζονταί	ἀσπάζονται
ἀσπάσασθε	ἀσπάσησθε
ἀσπασάμενοι	ἀσπασάμενος
ἀσπασμὸν	ἀσπασμὸς
ἀστέρας	ἀστέρες
ἀστέρας	ἀστέρος
ἀστέρες	ἀστέρος
ἀστεῖον	ἀστεῖος
ἀστραπὴ	ἀστραπῇ
ἀσφαλές	ἀσφαλὲς
ἀσφαλές	ἀσφαλῶς
ἀσφαλὲς	ἀσφαλῶς
ἀσύνετοί	ἀσύνετος
ἀτενίσαι	ἀτενίσας
ἀτιμία	ἀτιμίᾳ
ἀτιμίαν	ἀτιμίας
ἀφ	ἐφ
ἀφ	ὑφ
ἀφέσει	ἀφήσει
ἀφέωνταί	ἀφέωνται
ἀφεθήσεταί	ἀφεθήσεται
ἀφελεῖ	ὠφελεῖ
ἀφεὶς	ἀφεῖς
ἀφιλάργυρον	ἀφιλάργυρος
ἀφορίζει	ἀφορίσει
ἀφορμήν	ἀφορμὴν
ἀφροσύνη	ἀφροσύνῃ
ἀφώριζεν	ἀφώρισεν
ἀφῆκέν	ἀφῆκαν
ἀφῆκέν	ἀφῆκεν
ἀφῆκαν	ἀφῆκεν
ἀφῆκεν	ἀφῆκες
ἀχάζ	ἀχὰζ
ἀχίμ	ἀχὶμ
ἀχαΐα	ἀχαΐᾳ
ἀχαΐαν	ἀχαΐας
ἀχρεῖοί	ἀχρεῖον
ἁγάρ	ἁγὰρ
ἁγία	ἁγίᾳ
ἁγία	ἁγίῳ
ἁγίαις	ἁγίοις
ἁγίαν	ἁγίας
ἁγίαν	ἁγίων
ἁγίοις	ἁγίους
ἁγίᾳ	ἁγίῳ
ἁγιάζον	ἁγιάζων
ἁγιάσαι	ἁγιάσας
ἁγιωσύνην	ἁγιωσύνης
ἁγιότητι	ἁγνότητι
ἁγιότητος	ἁγνότητος
ἁγνά	ἁγνή
ἁγνάς	ἁγνός
ἁγνάς	ἁγνῶς
ἁγνός	ἁγνῶς
ἁγνὴν	ἁγνὸν
ἁμαρτάνοντας	ἁμαρτάνοντες
ἁμαρτήσαντας	ἁμαρτήσαντος
ἁμαρτία	ἁμαρτίᾳ
ἁμαρτίαι	ἁμαρτίαν
ἁμαρτίαι	ἁμαρτίας
ἁμαρτίαν	ἁμαρτίας
ἁμαρτωλοί	ἁμαρτωλοὶ
ἁμαρτωλούς	ἁμαρτωλοὺς
ἁμαρτωλούς	ἁμαρτωλοῖς
ἁμαρτωλοὺς	ἁμαρτωλοῖς
ἁμαρτωλός	ἁμαρτωλὸς
ἁμαρτωλὸν	ἁμαρτωλὸς
ἁμαρτωλὸν	ἁμαρτωλῶν
ἁνανίαν	ἁνανίας
ἁπλότητα	ἁπλότητι
ἁρπάζει	ἁρπάσει
ἁρπάσαι	ἁρπάσει
ἁψάμενος	ἁψάμενός
ἂν	ἄν
ἂν	ἐν
ἂν	ἓν
ἂν	ἔν
ἂν	ἕν
ἂν	ἣν
ἂν	ἥν
ἂν	ἦν
ἂν	ὂν
ἂν	ὃν
ἂν	ὢν
ἂν	ὤν
ἂν	ὧν
ἃ	ἅ
ἃ	ἡ
ἃ	ἢ
ἃ	ἣ
ἃ	ἤ
ἃ	ἥ
ἃ	ὁ
ἃ	ὃ
ἃ	ὅ
ἃ	ὦ
ἃ	ᾖ
ἃ	ᾗ
ἃ	ᾧ
ἃς	ἦς
ἃς	ἧς
ἃς	ὃς
ἃς	ὅς
ἃς	ὗς
ἃς	ὡς
ἃς	ὥς
ἃς	ᾖς
ἄγγελοί	ἄγγελοι
ἄγγελοί	ἄγγελον
ἄγγελοί	ἄγγελος
ἄγγελοι	ἄγγελον
ἄγγελοι	ἄγγελος
ἄγγελον	ἄγγελος
ἄγγελον	ἄγγελόν
ἄγγελος	ἄγγελός
ἄγγελόν	ἄγγελός
ἄγε	ἄγω
ἄγει	ἄξει
ἄγεσθε	ἤγεσθε
ἄγω	ἄνω
ἄδηλον	ἄδολον
ἄδικοι	ἄδικος
ἄδικος	ἄδικός
ἄκαρποι	ἄκαρπος
ἄκαρπος	ἄκαρπός
ἄκρον	ἄκρου
ἄκρον	ἄκρων
ἄκρων	ἄφρων
ἄκων	ἄξων
ἄλαλον	ἄναλον
ἄλλα	ἄλλη
ἄλλα	ἄλλο
ἄλλα	ἄλλῳ
ἄλλα	ἄλφα
ἄλλαι	ἄλλας
ἄλλαι	ἄλλοι
ἄλλας	ἄλλης
ἄλλας	ἄλλος
ἄλλας	ἄλλως
ἄλλη	ἄλλο
ἄλλη	ἄλλῳ
ἄλλην	ἄλλης
ἄλλην	ἄλλον
ἄλλην	ἄλλων
ἄλλην	ἕλλην
ἄλλης	ἄλλος
ἄλλης	ἄλλως
ἄλλο	ἄλλῳ
ἄλλοι	ἄλλον
ἄλλοι	ἄλλος
ἄλλοι	ἄλλου
ἄλλοις	ἄλλους
ἄλλον	ἄλλος
ἄλλον	ἄλλου
ἄλλον	ἄλλων
ἄλλος	ἄλλου
ἄλλος	ἄλλως
ἄλλων	ἄλλως
ἄμεμπτοι	ἄμεμπτος
ἄμμον	ἄμμος
ἄμπελον	ἄμπελος
ἄμωμοί	ἄμωμον
ἄμωμοί	ἄμωμος
ἄμωμον	ἄμωμος
ἄν	ἐν
ἄν	ἓν
ἄν	ἔν
ἄν	ἕν
ἄν	ἣν
ἄν	ἥν
ἄν	ἦν
ἄν	ὂν
ἄν	ὃν
ἄν	ὢν
ἄν	ὤν
ἄν	ὧν
ἄνδρας	ἄνδρες
ἄνεμοι	ἄνεμον
ἄνεμοι	ἄνεμος
ἄνεμον	ἄνεμος
ἄνεμος	ἄνομος
ἄνερ	ἄνευ
ἄνερ	ἄτερ
ἄνεσιν	ἄνεσις
ἄνεσιν	ἄφεσιν
ἄνεσις	ἄφεσις
ἄνθρωποί	ἄνθρωποι
ἄνθρωποί	ἄνθρωπον
ἄνθρωποί	ἄνθρωπος
ἄνθρωποι	ἄνθρωπον
ἄνθρωποι	ἄνθρωπος
ἄνθρωπον	ἄνθρωπος
ἄνθρωπον	ἄνθρωπόν
ἄνθρωπος	ἄνθρωπός
ἄνθρωπόν	ἄνθρωπός
ἄνωθέν	ἄνωθεν
ἄξει	ἕξει
ἄξει	ἥξει
ἄξιοί	ἄξιοι
ἄξιοί	ἄξιον
ἄξιοί	ἄξιος
ἄξιοι	ἄξιον
ἄξιοι	ἄξιος
ἄξιον	ἄξιος
ἄξιον	ἄξιόν
ἄξιος	ἄξιός
ἄξιόν	ἄξιός
ἄπαγε	ὕπαγε
ἄπιστοι	ἄπιστον
ἄπιστοι	ἄπιστος
ἄπιστον	ἄπιστος
ἄπιστον	ἄριστον
ἄρα	ἄρῃ
ἄρα	ἆρα
ἄρα	ὅρα
ἄρα	ὥρα
ἄρας	ἄρῃς
ἄρας	ὥρας
ἄρατε	ἤρατε
ἄργυρον	ἄργυρος
ἄριστον	ἄριστόν
ἄρκου	ἄρτου
ἄρκου	ὅρκου
ἄρξασθαί	ἄρξασθαι
ἄρξεσθε	ἄρξησθε
ἄρξονται	ἄρξωνται
ἄρτι	ἄρτῳ
ἄρτοι	ἄρτον
ἄρτοι	ἄρτος
ἄρτοι	ἄρτου
ἄρτοις	ἄρτους
ἄρτον	ἄρτος
ἄρτον	ἄρτου
ἄρτον	ἄρτων
ἄρτος	ἄρτου
ἄρτων	ἄρχων
ἄρχοντα	ἄρχοντι
ἄρχοντας	ἄρχοντες
ἄρχοντας	ἄρχοντος
ἄρχοντες	ἄρχοντος
ἄσπιλοι	ἄσπιλον
ἄστρον	ἄστρων
ἄτιμοι	ἄτιμος
ἄφεσιν	ἄφεσις
ἄφεσιν	ὄφεσιν
ἄφθαρτοι	ἄφθαρτον
ἄφωνον	ἄφωνος
ἄψινθον	ἄψινθος
ἅ	ἡ
ἅ	ἢ
ἅ	ἣ
ἅ	ἤ
ἅ	ἥ
ἅ	ὁ
ἅ	ὃ
ἅ	ὅ
ἅ	ὦ
ἅ	ᾖ
ἅ	ᾗ
ἅ	ᾧ
ἅγιά	ἅγια
ἅγιά	ἅγιε
ἅγια	ἅγιε
ἅγιαι	ἅγιοι
ἅγιοι	ἅγιον
ἅγιοι	ἅγιος
ἅγιον	ἅγιος
ἅγιος	ἅγιός
ἅλα	ἅμα
ἅλας	ἅπας
ἅλας	ἅψας
ἅλυσίν	ἅλυσιν
ἅλυσιν	ἅλωσιν
ἅνναν	ἅννας
ἅπαν	ἅπαξ
ἅπαν	ἅπας
ἅπαντας	ἅπαντες
ἅπαντες	ἅψαντες
ἅπαξ	ἅπας
ἅπας	ἅψας
ἅπτεται	ἅπτηται
ἅτινά	ἅτινα
ἅψῃ	ὄψῃ
ἆρά	ἆρα
ἆρα	ὅρα
ἆρα	ὥρα
ἆρον	ἆρόν
ἆσσον	ἧσσον
ἐάν	ἐὰν
ἐβάπτιζεν	ἐβάπτισεν
ἐβάσταζεν	ἐβάστασεν
ἐβάστασαν	ἐβάστασας
ἐβάστασαν	ἐβάστασεν
ἐβασίλευσαν	ἐβασίλευσας
ἐβασίλευσαν	ἐβασίλευσεν
ἐβλήθη	ἐκλήθη
ἐβλασφήμησαν	ἐβλασφήμησεν
ἐγέμισαν	ἐγέμισεν
ἐγένετο	ἐγίνετο
ἐγέννησαν	ἐγέννησεν
ἐγέρθητε	ἐγέρθητι
ἐγίνωσκεν	ἐγίνωσκον
ἐγγίζοντες	ἐγγίζοντος
ἐγγίζουσαν	ἐγγίζουσιν
ἐγγίσαι	ἐγγίσας
ἐγγύς	ἐγγὺς
ἐγείρεται	ἐγείρηται
ἐγενήθησάν	ἐγενήθησαν
ἐγερθείς	ἐγερθεὶς
ἐγερθῆναί	ἐγερθῆναι
ἐγκατέλιπές	ἐγκατέλιπες
ἐγκατέλιπεν	ἐγκατέλιπες
ἐγκατέλιπεν	ἐγκατέλιπον
ἐγνώκειτέ	ἐγνώκειτε
ἐγνώρισαν	ἐγνώρισεν
ἐγώ	ἐγὼ
ἐδέξασθέ	ἐδέξασθε
ἐδίδαξέν	ἐδίδαξαν
ἐδίδαξέν	ἐδίδαξεν
ἐδίδαξαν	ἐδίδαξας
ἐδίδαξαν	ἐδίδαξεν
ἐδίδασκεν	ἐδίδασκον
ἐδίστασαν	ἐδίστασας
ἐδίωξαν	ἐδίωξεν
ἐδικαίωσαν	ἐδικαίωσεν
ἐδόξαζεν	ἐδόξαζον
ἐδόξαζεν	ἐδόξασεν
ἐδόξασαν	ἐδόξασεν
ἐδύνατο	ἠδύνατο
ἐζήτησέν	ἐζήτησαν
ἐζητεῖτέ	ἐζητεῖτο
ἐζυμώθη	ἐθυμώθη
ἐθαύμαζεν	ἐθαύμαζον
ἐθαύμαζεν	ἐθαύμασεν
ἐθαύμασαν	ἐθαύμασας
ἐθαύμασαν	ἐθαύμασεν
ἐθεράπευεν	ἐθεράπευον
ἐθερίσθη	ἐμερίσθη
ἐθνικοί	ἐθνικοὶ
ἐθνικὸς	ἐθνικῶς
ἐθνικῶν	ἐθνικῶς
ἐθῶν	ἐμῶν
ἐθῶν	ἐτῶν
ἐκ	ἐν
ἐκ	ἐξ
ἐκ	ἐπ
ἐκ	ἐφ
ἐκάθευδεν	ἐκάθευδον
ἐκάθισαν	ἐκάθισεν
ἐκάκωσαν	ἐκάκωσεν
ἐκάλουν	ἐλάλουν
ἐκέλευσέν	ἐκέλευσεν
ἐκέλευσα	ἐκέλευσε
ἐκήρυξαν	ἐκήρυξεν
ἐκήρυσσεν	ἐκήρυσσον
ἐκβάλλειν	ἐκβάλλεις
ἐκβάλω	ἐκβάλῃ
ἐκβαλεῖν	ἐμβαλεῖν
ἐκδέχεται	ἐνδέχεται
ἐκδίκησιν	ἐκδίκησις
ἐκδίκησιν	ἐκδίκησόν
ἐκδημοῦντες	ἐνδημοῦντες
ἐκδημῆσαι	ἐνδημῆσαι
ἐκδύσασθαι	ἐνδύσασθαι
ἐκείναις	ἐκείνοις
ἐκείνας	ἐκείνης
ἐκείνη	ἐκείνῃ
ἐκείνη	ἐκείνῳ
ἐκείνην	ἐκείνης
ἐκείνην	ἐκείνων
ἐκείνοις	ἐκείνους
ἐκείνῃ	ἐκείνῳ
ἐκεῖ	ἐρεῖ
ἐκεῖθέν	ἐκεῖθεν
ἐκεῖνα	ἐκεῖνο
ἐκεῖναί	ἐκεῖναι
ἐκεῖναί	ἐκεῖνοί
ἐκεῖναι	ἐκεῖνοι
ἐκεῖνοί	ἐκεῖνοι
ἐκεῖνοί	ἐκεῖνον
ἐκεῖνοί	ἐκεῖνος
ἐκεῖνοι	ἐκεῖνον
ἐκεῖνοι	ἐκεῖνος
ἐκεῖνον	ἐκεῖνος
ἐκεῖνος	ἐκεῖνός
ἐκκλησία	ἐκκλησίᾳ
ἐκκλησίαι	ἐκκλησίαν
ἐκκλησίαι	ἐκκλησίας
ἐκκλησίαν	ἐκκλησίας
ἐκλεκτοί	ἐκλεκτοὶ
ἐκλεκτούς	ἐκλεκτοὺς
ἐκλεκτούς	ἐκλεκτοῖς
ἐκλεκτοὺς	ἐκλεκτοῖς
ἐκλεκτόν	ἐκλεκτός
ἐκλεκτόν	ἐκλεκτὸν
ἐκλεκτόν	ἐκλεκτῶν
ἐκλεκτός	ἐκλεκτὸς
ἐκλεκτός	ἐκλεκτῆς
ἐκλεκτὸν	ἐκλεκτὸς
ἐκλεκτὸν	ἐκλεκτῶν
ἐκλεκτὸς	ἐκλεκτῆς
ἐκλεξαμένοις	ἐκλεξαμένους
ἐκοινώνησαν	ἐκοινώνησεν
ἐκπεσεῖν	ἐμπεσεῖν
ἐκπορευομένη	ἐκπορευομένῳ
ἐκπορευόμενά	ἐκπορευόμενα
ἐκπορευόμενοι	ἐκπορευόμενον
ἐκπορευόμενοι	ἐκπορευόμενος
ἐκπορευόμενον	ἐκπορευόμενος
ἐκπορεύσονται	ἐμπορεύσονται
ἐκράτησαν	ἐκράτησεν
ἐκραύγασαν	ἐκραύγασεν
ἐκτιναξάμενοι	ἐκτιναξάμενος
ἐκτραπήσονται	ἐντραπήσονται
ἐκτραπῇ	ἐντραπῇ
ἐκτρεπόμενος	ἐντρεπόμενος
ἐκτὸς	ἐντὸς
ἐλάκησεν	ἐλάλησεν
ἐλάλησέν	ἐλάλησαν
ἐλάλησέν	ἐλάλησεν
ἐλάλησαν	ἐλάλησεν
ἐλάχιστον	ἐλάχιστος
ἐλάχιστον	ἐλάχιστόν
ἐλέγξαι	ἐλέγξει
ἐλέγξει	ἐλέγχει
ἐλέησον	ἐλέησόν
ἐλαίᾳ	ἐλαίῳ
ἐλαφρόν	ἐλαφρὸν
ἐλαχίστη	ἐλαχίστῳ
ἐλεήσω	ἐλεήσῃ
ἐλεγχόμενοι	ἐλεγχόμενος
ἐλεημοσύναι	ἐλεημοσύνας
ἐλευθερία	ἐλευθερίᾳ
ἐλευθερίαν	ἐλευθερίας
ἐλεύθεροί	ἐλεύθεροι
ἐλεύθεροί	ἐλεύθερος
ἐλεύθεροι	ἐλεύθερος
ἐλθάτω	ἐλθέτω
ἐλθέ	ἐλθὲ
ἐλθόντα	ἐλθόντι
ἐλθόντας	ἐλθόντες
ἐλθόντας	ἐλθόντος
ἐλθόντες	ἐλθόντος
ἐλθὸν	ἐλθὼν
ἐλιακίμ	ἐλιακὶμ
ἐλιούδ	ἐλιοὺδ
ἐλπίδα	ἐλπίδι
ἐλπίδι	ἑλπίδι
ἐλπίζομεν	ἠλπίζομεν
ἐλπίς	ἐλπὶς
ἐλύθη	ἐτύθη
ἐμά	ἐμέ
ἐμά	ἐμή
ἐμά	ἐμὰ
ἐμά	ἐμὲ
ἐμά	ἐμὴ
ἐμά	ἐμῇ
ἐμά	ἐμῷ
ἐμάθετε	ἐπάθετε
ἐμέ	ἐμή
ἐμέ	ἐμὰ
ἐμέ	ἐμὲ
ἐμέ	ἐμὴ
ἐμέ	ἐμῇ
ἐμέ	ἐμῷ
ἐμή	ἐμὰ
ἐμή	ἐμὲ
ἐμή	ἐμὴ
ἐμή	ἐμῇ
ἐμή	ἐμῷ
ἐμήν	ἐμόν
ἐμήν	ἐμὴν
ἐμήν	ἐμὸν
ἐμήν	ἐμῶν
ἐμίσησάν	ἐμίσησεν
ἐμαρτύρησάν	ἐμαρτύρησεν
ἐμαυτόν	ἐμαυτὸν
ἐμβάντα	ἐμβάντι
ἐμοί	ἐμοὶ
ἐμοί	ἐμοῦ
ἐμοὶ	ἐμοῦ
ἐμοὺς	ἐμοῖς
ἐμοῦ	ὁμοῦ
ἐμόν	ἐμὴν
ἐμόν	ἐμὸν
ἐμόν	ἐμῶν
ἐμὰ	ἐμὲ
ἐμὰ	ἐμὴ
ἐμὰ	ἐμῇ
ἐμὰ	ἐμῷ
ἐμὰς	ἐμὸς
ἐμὰς	ἐμῆς
ἐμὲ	ἐμὴ
ἐμὲ	ἐμῇ
ἐμὲ	ἐμῷ
ἐμὴ	ἐμῇ
ἐμὴ	ἐμῷ
ἐμὴν	ἐμὸν
ἐμὴν	ἐμῶν
ἐμὸν	ἐμὸς
ἐμὸν	ἐμῶν
ἐμὸν	ἐξὸν
ἐμὸς	ἐμῆς
ἐμῇ	ἐμῷ
ἐμῶν	ἐτῶν
ἐμῶν	ἡμῶν
ἐμῶν	ὑμῶν
ἐν	ἐξ
ἐν	ἐπ
ἐν	ἐφ
ἐν	ἓν
ἐν	ἔν
ἐν	ἕν
ἐν	ἣν
ἐν	ἥν
ἐν	ἦν
ἐν	ὂν
ἐν	ὃν
ἐν	ὢν
ἐν	ὤν
ἐν	ὧν
ἐνάτην	ἐνάτης
ἐνέβησαν	ἐξέβησαν
ἐνέβλεπεν	ἐνέβλεπον
ἐνέβλεπεν	ἐνέβλεψεν
ἐνέβλεψεν	ἐπέβλεψεν
ἐνέγκαι	ἐνέγκας
ἐνέδυσαν	ἐξέδυσαν
ἐνέμειναν	ἐνέμεινεν
ἐνέπλησεν	ἐνέπρησεν
ἐνέστηκεν	ἐφέστηκεν
ἐνήργηκεν	ἐνήργησεν
ἐνίκησαν	ἐνίκησεν
ἐνίκησεν	ἐνῴκησεν
ἐναντίας	ἐναντίος
ἐναντίον	ἐναντίος
ἐναντίον	ἐναντίων
ἐναρξάμενοι	ἐναρξάμενος
ἐνδεδυμένοι	ἐνδεδυμένον
ἐνδεδυμένοι	ἐνδεδυμένος
ἐνδεδυμένον	ἐνδεδυμένος
ἐνδυσάμενοι	ἐνδυσάμενος
ἐνδύσασθε	ἐνδύσησθε
ἐνεργής	ἐνεργὴς
ἐνεργουμένην	ἐνεργουμένης
ἐνεστῶτα	ἐφεστῶτα
ἐνεφάνισάν	ἐνεφάνισαν
ἐνεφάνισαν	ἐνεφάνισας
ἐνεῖχεν	ἐπεῖχεν
ἐνθυμήσεις	ἐνθυμήσεως
ἐνθυμήσεων	ἐνθυμήσεως
ἐνιαυτούς	ἐνιαυτοὺς
ἐνιαυτόν	ἐνιαυτὸν
ἐνορκίζω	ἐξορκίζω
ἐντεύξεις	ἐντεύξεως
ἐντολάς	ἐντολὰς
ἐντολάς	ἐντολῆς
ἐντολή	ἐντολὴ
ἐντολήν	ἐντολὴν
ἐντολήν	ἐντολῶν
ἐντολὰς	ἐντολῆς
ἐντολὴν	ἐντολῶν
ἐντρεπόμενος	ἐντρεφόμενος
ἐνόμιζεν	ἐνόμιζον
ἐνόμισαν	ἐνόμισας
ἐνώπιον	ἐνώπιόν
ἐξ	ἐπ
ἐξ	ἐφ
ἐξ	ἓξ
ἐξ	ἕξ
ἐξάρατε	ἐπάρατε
ἐξέβαλεν	ἐξέβαλον
ἐξέβαλεν	ἐπέβαλεν
ἐξέβαλον	ἐπέβαλον
ἐξέθεντο	ἐπέθεντο
ἐξέλθατε	ἐξέλθητε
ἐξέλθατε	ἐξήλθατε
ἐξέλθῃ	ἐπέλθῃ
ἐξένευσεν	ἐπένευσεν
ἐξέπεσαν	ἐξέπεσεν
ἐξέπεσαν	ἐπέπεσαν
ἐξέπεσεν	ἐπέπεσεν
ἐξέστη	ἐπέστη
ἐξέστησαν	ἐπέστησαν
ἐξέχεαν	ἐξέχεεν
ἐξαγαγεῖν	ἐπαγαγεῖν
ἐξαγαγών	ἐξαγαγὼν
ἐξαπέστειλαν	ἐξαπέστειλεν
ἐξείλατο	ἐξείλατό
ἐξελεύσεται	ἐπελεύσεται
ἐξελθοῦσαι	ἐξελθοῦσαν
ἐξελθόντα	ἐξελθόντι
ἐξελθόντες	ἐξελθόντος
ἐξελθόντος	ἐπελθόντος
ἐξελθὼν	ἐπελθὼν
ἐξενεγκεῖν	ἐπενεγκεῖν
ἐξερχομένων	ἐπερχομένων
ἐξερχόμενοι	ἐξερχόμενος
ἐξηπάτησέν	ἐξηπάτησεν
ἐξομολογήσεται	ἐξομολογήσηται
ἐξουσία	ἐξουσίᾳ
ἐξουσίαι	ἐξουσίαν
ἐξουσίαι	ἐξουσίας
ἐξουσίαν	ἐξουσίας
ἐξώτερον	ἐσώτερον
ἐξῆλθαν	ἐξῆλθεν
ἐξῆλθαν	ἐξῆλθον
ἐξῆλθαν	ἐπῆλθαν
ἐξῆλθεν	ἐξῆλθες
ἐξῆλθεν	ἐξῆλθον
ἐπ	ἐφ
ἐπ	ὑπ
ἐπάγοντες	ὑπάγοντες
ἐπάξας	ἐπάρας
ἐπάταξεν	ἐπέταξεν
ἐπέβαλαν	ἐπέβαλεν
ἐπέβαλαν	ἐπέβαλον
ἐπέβαλεν	ἐπέβαλον
ἐπέβαλον	ὑπέβαλον
ἐπέθηκέν	ἐπέθηκαν
ἐπέθηκέν	ἐπέθηκεν
ἐπέθηκαν	ἐπέθηκεν
ἐπέθηκαν	ὑπέθηκαν
ἐπέκεινα	ἐπέμεινα
ἐπέμενεν	ἐπέμενον
ἐπέπεσαν	ἐπέπεσεν
ἐπέστρεψα	ὑπέστρεψα
ἐπέστρεψαν	ἐπέστρεψεν
ἐπέστρεψαν	ὑπέστρεψαν
ἐπέστρεψεν	ὑπέστρεψεν
ἐπέταξας	ὑπέταξας
ἐπέταξεν	ὑπέταξεν
ἐπέτυχεν	ἐπέτυχον
ἐπέχρισέν	ἐπέχρισεν
ἐπί	ἐπὶ
ἐπίασαν	ἐπίασεν
ἐπίγνωσιν	ἐπίγνωσις
ἐπίσημοι	ἐπίσημον
ἐπίσταμαι	ἐπίσταται
ἐπίσταται	ἐφίσταται
ἐπίστευεν	ἐπίστευον
ἐπίστευσαν	ἐπίστευσας
ἐπίστευσαν	ἐπίστευσεν
ἐπαγγειλάμενον	ἐπαγγειλάμενος
ἐπαγγελία	ἐπαγγελίᾳ
ἐπαγγελίαι	ἐπαγγελίαν
ἐπαγγελίαι	ἐπαγγελίας
ἐπαγγελίαν	ἐπαγγελίας
ἐπατήθη	ἠπατήθη
ἐπείνασαν	ἐπείνασεν
ἐπείνασαν	ἐπείρασαν
ἐπείνασεν	ἐπείρασεν
ἐπείραζεν	ἐπείραζον
ἐπείραζεν	ἐπείρασεν
ἐπείρασαν	ἐπείρασας
ἐπείρασαν	ἐπείρασεν
ἐπείσθησαν	ἐπρίσθησαν
ἐπείσθησαν	ἐσείσθησαν
ἐπεγίνωσκον	ἐπεγίνωσκόν
ἐπελάβετο	ἐπελάθετο
ἐπενεγκεῖν	ὑπενεγκεῖν
ἐπερίσσευσαν	ἐπερίσσευσεν
ἐπερχομέναις	ἐπερχομένοις
ἐπεσκίαζεν	ἐπεσκίασεν
ἐπεστρέψατε	ἐπιστρέψατε
ἐπετίμησαν	ἐπετίμησεν
ἐπεῖδεν	ἐπεῖχεν
ἐπηρώτησέν	ἐπηρώτησαν
ἐπηρώτησέν	ἐπηρώτησεν
ἐπηρώτησαν	ἐπηρώτησεν
ἐπιάσθη	ἐπλάσθη
ἐπιγεγραμμένα	ἐπιγεγραμμένη
ἐπιγραφή	ἐπιγραφὴ
ἐπιδείξατέ	ἐπιδείξατε
ἐπιεικής	ἐπιεικὲς
ἐπιθέντες	ἐπιθέντος
ἐπιθέσεως	ἐπιθέσεώς
ἐπιθεῖναι	ἐπιμεῖναι
ἐπιθυμία	ἐπιθυμίᾳ
ἐπιθυμίαι	ἐπιθυμίαν
ἐπιθυμίαι	ἐπιθυμίας
ἐπιθυμίαν	ἐπιθυμίας
ἐπιθῇ	ἐπιθῶ
ἐπικέκλησαι	ἐπικέκληται
ἐπικαλουμένοις	ἐπικαλουμένους
ἐπικαλούμενον	ἐπικαλούμενος
ἐπιλαβέσθαι	ἐπιλαθέσθαι
ἐπιλαβόμενοί	ἐπιλαβόμενοι
ἐπιλαβόμενοί	ἐπιλαβόμενος
ἐπιλαβόμενοι	ἐπιλαβόμενος
ἐπισκόποις	ἐπισκόπους
ἐπιστολή	ἐπιστολὴ
ἐπιστολή	ἐπιστολῇ
ἐπιστολήν	ἐπιστολὴν
ἐπιστολήν	ἐπιστολῶν
ἐπιστολὰς	ἐπιστολῆς
ἐπιστολὴ	ἐπιστολῇ
ἐπιστολὴν	ἐπιστολῶν
ἐπιστρέψαι	ἐπιστρέψας
ἐπιστρέψαι	ἐπιστρέψει
ἐπιστρέψω	ἐπιστρέψῃ
ἐπισυνάγει	ἐπισυνάξει
ἐπισυνάξαι	ἐπισυνάξει
ἐπιταγήν	ἐπιταγὴν
ἐπιτελέσαι	ἐπιτελέσας
ἐπιτελέσαι	ἐπιτελέσει
ἐπιτιμήσαι	ἐπιτιμήσας
ἐπιτιμᾶν	ἐπιτιμῶν
ἐπιτρέπεταί	ἐπιτρέπεται
ἐπιτρέπω	ἐπιτρέπῃ
ἐπιτρέπῃ	ἐπιτρέψῃ
ἐπλάσθη	ἐπλήσθη
ἐπλήρωσαν	ἐπλήρωσεν
ἐποίησέν	ἐποίησαν
ἐποίησέν	ἐποίησεν
ἐποίησαν	ἐποίησας
ἐποίησαν	ἐποίησεν
ἐπουράνιοι	ἐπουράνιον
ἐπουράνιοι	ἐπουράνιος
ἐπουράνιον	ἐπουράνιος
ἐπροφήτευσαν	ἐπροφήτευσεν
ἐπότιζεν	ἐπότισεν
ἐπῆραν	ἐπῆρεν
ἐρήμοις	ἐρήμους
ἐργάζῃ	ἐργάσῃ
ἐργάται	ἐργάτας
ἐργάτας	ἐργάτης
ἐργάτην	ἐργάτης
ἐργαζόμενοι	ἐργαζόμενος
ἐργασίαν	ἐργασίας
ἐρεῖτέ	ἐρεῖτε
ἐριθείαν	ἐριθείας
ἐροῦσίν	ἐροῦσιν
ἐρχομένη	ἐρχομένῳ
ἐρχόμεθα	ἐρχόμενα
ἐρχόμενοι	ἐρχόμενον
ἐρχόμενοι	ἐρχόμενος
ἐρχόμενον	ἐρχόμενος
ἐρωτήσατε	ἐρωτήσετε
ἐρωτήσω	ἐρωτήσῃ
ἐρωτᾶν	ἐρωτῶν
ἐρωτᾷ	ἐρωτῶ
ἐρωτῆσαί	ἐρωτῆσαι
ἐρῶ	ὁρῶ
ἐσίγησαν	ἐσίγησεν
ἐσείσθη	ἐσχίσθη
ἐσείσθησαν	ἐσχίσθησαν
ἐσθίετε	ἐσθίητε
ἐσθίοντα	ἐσθίοντι
ἐσθῆτα	ἐσθῆτι
ἐσμέν	ἐσμεν
ἐσμέν	ἐσμὲν
ἐσμεν	ἐσμὲν
ἐστέ	ἐστί
ἐστέ	ἐστε
ἐστέ	ἐστι
ἐστέ	ἐστὲ
ἐστέ	ἐστὶ
ἐστί	ἐστε
ἐστί	ἐστι
ἐστί	ἐστὲ
ἐστί	ἐστὶ
ἐστίν	ἐστιν
ἐστίν	ἐστὶν
ἐσταυρωμένον	ἐσταυρωμένος
ἐστε	ἐστι
ἐστε	ἐστὲ
ἐστε	ἐστὶ
ἐστε	ἐᾶτε
ἐστε	ἴστε
ἐστε	ὥστε
ἐστι	ἐστὲ
ἐστι	ἐστὶ
ἐστι	ἔστι
ἐστιν	ἐστὶν
ἐστιν	ἔστιν
ἐστὲ	ἐστὶ
ἐσφαγμένην	ἐσφαγμένον
ἐσφαγμένην	ἐσφαγμένων
ἐσφαγμένον	ἐσφαγμένου
ἐσφαγμένον	ἐσφαγμένων
ἐσχάτας	ἐσχάτως
ἐσχάτη	ἐσχάτῃ
ἐσχάτη	ἐσχάτῳ
ἐσχάτων	ἐσχάτως
ἐσχάτῃ	ἐσχάτῳ
ἐτάραξαν	ἐτάραξεν
ἐτέθη	ἐτύθη
ἐτέλεσαν	ἐτέλεσεν
ἐτήρησάς	ἐτήρησας
ἐτήρησαν	ἐτήρησας
ἐτόλμησέν	ἐτόλμησεν
ἐφ	ὑφ
ἐφάνησαν	ἐφώνησαν
ἐφέσιοι	ἐφέσιον
ἐφώνησαν	ἐφώνησεν
ἐχαρίσθη	ἐχωρίσθη
ἐχθροί	ἐχθροὶ
ἐχθροί	ἐχθροῦ
ἐχθρούς	ἐχθροὺς
ἐχθροὶ	ἐχθροῦ
ἐχθρόν	ἐχθρός
ἐχθρόν	ἐχθρὸν
ἐχθρόν	ἐχθρῶν
ἐχθρός	ἐχθρὸς
ἐχθρὸν	ἐχθρὸς
ἐχθρὸν	ἐχθρῶν
ἑαυτάς	ἑαυτὰς
ἑαυτάς	ἑαυτῆς
ἑαυτήν	ἑαυτόν
ἑαυτήν	ἑαυτὴν
ἑαυτήν	ἑαυτὸν
ἑαυτήν	ἑαυτῶν
ἑαυταῖς	ἑαυτοῖς
ἑαυτούς	ἑαυτοὺς
ἑαυτούς	ἑαυτοῖς
ἑαυτοὺς	ἑαυτοῖς
ἑαυτόν	ἑαυτὴν
ἑαυτόν	ἑαυτὸν
ἑαυτόν	ἑαυτῶν
ἑαυτὰ	ἑαυτῇ
ἑαυτὰ	ἑαυτῷ
ἑαυτὰς	ἑαυτῆς
ἑαυτὴν	ἑαυτὸν
ἑαυτὴν	ἑαυτῶν
ἑαυτὸν	ἑαυτῶν
ἑαυτῇ	ἑαυτῷ
ἑβδόμην	ἑβδόμης
ἑβραϊστί	ἑβραϊστὶ
ἑβραῖοί	ἑβραῖος
ἑβραῖος	ἑδραῖος
ἑδραῖοι	ἑδραῖος
ἑζεκίαν	ἑζεκίας
ἑκάστη	ἑκάστῳ
ἑκατοντάρχας	ἑκατοντάρχης
ἑκατόν	ἑκατὸν
ἑκατόνταρχον	ἑκατόνταρχος
ἑλκύσω	ἑλκύσῃ
ἑλληνιστί	ἑλληνιστὶ
ἑνί	ἑνὶ
ἑνός	ἑνὸς
ἑορτήν	ἑορτὴν
ἑορτὴ	ἑορτῇ
ἑπτά	ἑπτὰ
ἑρμᾶν	ἑρμῆν
ἑσπέραν	ἑσπέρας
ἑσρώμ	ἑσρὼμ
ἑστηκὸς	ἑστηκὼς
ἑστώς	ἑστὸς
ἑστώς	ἑστὼς
ἑστὸς	ἑστὼς
ἑστῶτας	ἑστῶτες
ἑστῶτας	ἑστῶτος
ἑστῶτες	ἑστῶτος
ἑτέρα	ἑτέρᾳ
ἑτέρα	ἑτέρῳ
ἑτέραις	ἑτέροις
ἑτέραν	ἑτέρας
ἑτέραν	ἑτέρων
ἑτέρας	ἑτέρως
ἑτέροις	ἑτέρους
ἑτέρων	ἑτέρως
ἑτέρᾳ	ἑτέρῳ
ἑτοιμάσαι	ἑτοιμάσας
ἑτοιμάσωμέν	ἑτοιμάσωμεν
ἑωράκατέ	ἑωράκατε
ἑόρακα	ἑώρακα
ἑόρακαν	ἑόρακεν
ἑόρακαν	ἑώρακαν
ἑόρακεν	ἑώρακεν
ἑώρακάς	ἑώρακας
ἑώρακέν	ἑώρακαν
ἑώρακέν	ἑώρακεν
ἑώρακαν	ἑώρακας
ἑώρακαν	ἑώρακεν
ἓν	ἓξ
ἓν	ἔν
ἓν	ἕν
ἓν	ἣν
ἓν	ἥν
ἓν	ἦν
ἓν	ὂν
ἓν	ὃν
ἓν	ὢν
ἓν	ὤν
ἓν	ὧν
ἓξ	ἕξ
ἔα	ἔν
ἔβαλαν	ἔβαλεν
ἔβαλαν	ἔβαλον
ἔβαλεν	ἔβαλον
ἔβλεπεν	ἔβλεπον
ἔβρεξέν	ἔβρεξεν
ἔγνωκαν	ἔγνωκεν
ἔγνωκαν	ἔγνωσαν
ἔγνων	ἔγνως
ἔγραφεν	ἔγραψεν
ἔγραψά	ἔγραψα
ἔγραψαν	ἔγραψεν
ἔδει	ἔθει
ἔδει	ἔτει
ἔδει	ἔχει
ἔδει	ᾔδει
ἔδειξέν	ἔδειξεν
ἔδησαν	ἔδησεν
ἔδησαν	ἔζησαν
ἔδησεν	ἔζησεν
ἔδοξα	ἔδοξε
ἔδοξαν	ἔδοξεν
ἔδραμεν	ἔδραμον
ἔδωκάς	ἔδωκας
ἔδωκέν	ἔδωκαν
ἔδωκέν	ἔδωκεν
ἔδωκαν	ἔδωκας
ἔδωκαν	ἔδωκεν
ἔζησαν	ἔζησεν
ἔζων	ἔχων
ἔθει	ἔτει
ἔθει	ἔχει
ἔθεσθε	ἔσεσθε
ἔθεσι	ἔτεσι
ἔθεσιν	ἔτεσιν
ἔθη	ἔτη
ἔθη	ἔφη
ἔθη	ἤθη
ἔθηκαν	ἔθηκας
ἔθηκαν	ἔθηκεν
ἔθος	ἔθου
ἔθος	ἔπος
ἔθος	ἔτος
ἔθυσεν	ἔλυσεν
ἔκλαιεν	ἔκλαιον
ἔκλαιεν	ἔκλασεν
ἔκραζεν	ἔκραζον
ἔκραζεν	ἔκραξεν
ἔκραξαν	ἔκραξεν
ἔκραξαν	ἔπραξαν
ἔκραξαν	ἔφραξαν
ἔκραξεν	ἔπραξεν
ἔκρινά	ἔκρινα
ἔκρυψαν	ἔκρυψας
ἔκρυψαν	ἔκρυψεν
ἔκτεινον	ἔκτεινόν
ἔκφοβοι	ἔμφοβοι
ἔλαβε	ἔλαχε
ἔλαβεν	ἔλαβες
ἔλαβεν	ἔλαβον
ἔλαβεν	ἔλαθεν
ἔλαβεν	ἔλαχεν
ἔλαβον	ἔλαιον
ἔλαθεν	ἔλαθόν
ἔλαθεν	ἔλαχεν
ἔλαθεν	ἔμαθεν
ἔλαθεν	ἔπαθεν
ἔλεγεν	ἔλεγον
ἔλεγξιν	ἔλεγξον
ἔλθητε	ἔσθητε
ἔλθω	ἔλθῃ
ἔμαθεν	ἔμαθες
ἔμαθεν	ἔμαθον
ἔμαθεν	ἔπαθεν
ἔμαθον	ἔπαθον
ἔμειναν	ἔμεινεν
ἔμελεν	ἔμενεν
ἔμελλεν	ἔμελλον
ἔμελλεν	ἤμελλεν
ἔμελλον	ἤμελλον
ἔμενεν	ἔμενον
ἔμποροί	ἔμποροι
ἔμπροσθέν	ἔμπροσθεν
ἔμφοβοι	ἔμφοβος
ἔν	ἕν
ἔν	ἣν
ἔν	ἥν
ἔν	ἦν
ἔν	ὂν
ἔν	ὃν
ἔν	ὢν
ἔν	ὤν
ἔν	ὧν
ἔνδειξιν	ἔνδειξις
ἔνδικον	ἔνδικόν
ἔνδοξοι	ἔνδοξον
ἔνι	ἔτι
ἔνοχοι	ἔνοχον
ἔνοχοι	ἔνοχος
ἔνοχον	ἔνοχος
ἔνοχος	ἔνοχός
ἔντιμον	ἔντιμος
ἔξεστίν	ἔξεστιν
ἔξω	ἔσω
ἔξω	ἔχω
ἔξω	ἥξω
ἔξωθεν	ἔσωθεν
ἔπαθεν	ἔπαθον
ἔπαινον	ἔπαινος
ἔπειθέν	ἔπειθον
ἔπεσά	ἔπεσα
ἔπεσαν	ἔπεσεν
ἔπιεν	ἔπιον
ἔπιον	ἔριον
ἔπιον	ἤπιον
ἔπλυναν	ἔπλυνον
ἔπος	ἔτος
ἔπραξαν	ἔπραξεν
ἔπραξαν	ἔφραξαν
ἔραστον	ἔραστος
ἔργα	ἔργῳ
ἔργον	ἔργου
ἔργον	ἔργων
ἔργον	ἔριον
ἔργου	ἔρχου
ἔρεις	ἔχεις
ἔρημον	ἔρημος
ἔρημος	ἔρημός
ἔριδες	ἔριδος
ἔριν	ἔρις
ἔρις	ἶρις
ἔρχεταί	ἔρχεται
ἔρχεται	ἔρχηται
ἔρχομαί	ἔρχομαι
ἔρχου	ἤρχου
ἔσεσθέ	ἔσεσθε
ἔσονταί	ἔσονται
ἔστη	ἔστι
ἔστη	ἔστω
ἔστηκεν	ἔστησεν
ἔστηκεν	ἔσχηκεν
ἔστηκεν	ἕστηκεν
ἔστησάν	ἔστησαν
ἔστησάν	ἔστησεν
ἔστησαν	ἔστησεν
ἔστησαν	ἔστωσαν
ἔστι	ἔστω
ἔσχατοι	ἔσχατον
ἔσχατοι	ἔσχατος
ἔσχατον	ἔσχατος
ἔσχεν	ἔσχες
ἔσχεν	ἔσχον
ἔσω	ἔσῃ
ἔσω	ἔχω
ἔσωθεν	ἔσωσεν
ἔσῃ	ἔχῃ
ἔτει	ἔχει
ἔτη	ἔτι
ἔτη	ἔφη
ἔτι	ὅτι
ἔφαγεν	ἔφαγον
ἔφαγεν	ἔφυγεν
ἔφαγον	ἔφυγον
ἔφερεν	ἔφερον
ἔφερον	ἔφεσον
ἔφυγεν	ἔφυγον
ἔχαιρεν	ἔχαιρον
ἔχε	ἔχω
ἔχε	ἔχῃ
ἔχει	ἔχοι
ἔχειν	ἔχεις
ἔχετέ	ἔχετε
ἔχετε	ἔχητε
ἔχθρα	ἔχθρᾳ
ἔχθραι	ἔχθραν
ἔχοι	ἔχον
ἔχοιεν	ἔχομεν
ἔχομεν	ἔχωμεν
ἔχον	ἔχων
ἔχοντά	ἔχοντα
ἔχοντά	ἔχοντι
ἔχοντα	ἔχοντι
ἔχοντας	ἔχοντες
ἔχοντας	ἔχοντος
ἔχοντες	ἔχοντος
ἔχουσα	ἔχουσι
ἔχουσαι	ἔχουσαν
ἔχουσαν	ἔχουσιν
ἔχρισέν	ἔχρισεν
ἔχω	ἔχῃ
ἕκαστοι	ἕκαστον
ἕκαστοι	ἕκαστος
ἕκαστον	ἕκαστος
ἕκτη	ἕκτῳ
ἕκτην	ἕκτης
ἕκτης	ἕκτος
ἕλληνές	ἕλληνας
ἕλληνές	ἕλληνες
ἕλληνές	ἕλληνος
ἕλληνας	ἕλληνες
ἕλληνας	ἕλληνος
ἕλληνες	ἕλληνος
ἕλλησίν	ἕλλησιν
ἕν	ἕξ
ἕν	ἣν
ἕν	ἥν
ἕν	ἦν
ἕν	ὂν
ἕν	ὃν
ἕν	ὢν
ἕν	ὤν
ἕν	ὧν
ἕνα	ἵνα
ἕξει	ἥξει
ἕξουσιν	ἥξουσιν
ἕτεραι	ἕτεροι
ἕτεροι	ἕτερον
ἕτεροι	ἕτερος
ἕτερον	ἕτερος
ἕτοιμά	ἕτοιμα
ἕτοιμοί	ἕτοιμοι
ἕτοιμοί	ἕτοιμον
ἕτοιμοί	ἕτοιμος
ἕτοιμοι	ἕτοιμον
ἕτοιμοι	ἕτοιμος
ἕτοιμον	ἕτοιμος
ἕτοιμος	ἕτοιμός
ἠγάπησά	ἠγάπησα
ἠγάπησάς	ἠγάπησας
ἠγάπησέν	ἠγάπησαν
ἠγάπησέν	ἠγάπησεν
ἠγάπησαν	ἠγάπησας
ἠγάπησαν	ἠγάπησεν
ἠγανάκτησαν	ἠγανάκτησεν
ἠγαπᾶτέ	ἠγαπᾶτε
ἠγόρασαν	ἠγόρασας
ἠγόρασαν	ἠγόρασεν
ἠδίκησέν	ἠδίκησεν
ἠδύνατο	ἠμύνατο
ἠθέλησα	ἠμέλησα
ἠθέλησαν	ἠθέλησας
ἠθέλησαν	ἠθέλησεν
ἠθέλησαν	ἠθέτησαν
ἠκολουθήκαμέν	ἠκολουθήσαμέν
ἠκολούθησαν	ἠκολούθησεν
ἠκούσατέ	ἠκούσατε
ἠλέησέν	ἠλέησεν
ἠλίαν	ἠλίας
ἠλίου	ἠξίου
ἠλίου	ἡλίου
ἠλεημένοι	ἠλεημένος
ἠλευθέρωσέν	ἠλευθέρωσεν
ἠλπίκαμεν	ἠλπίσαμεν
ἠνεῳγμένην	ἠνεῳγμένον
ἠνεῴχθησάν	ἠνεῴχθησαν
ἠπίστησάν	ἠπίστησαν
ἠπίστησαν	ἠρίστησαν
ἠρώτησαν	ἠρώτησεν
ἠσαΐαν	ἠσαΐας
ἡ	ἢ
ἡ	ἣ
ἡ	ἤ
ἡ	ἥ
ἡ	ὁ
ἡ	ὃ
ἡ	ὅ
ἡ	ὦ
ἡ	ᾖ
ἡ	ᾗ
ἡ	ᾧ
ἡγεμόνα	ἡγεμόνι
ἡγεμόνας	ἡγεμόνος
ἡγιασμένοι	ἡγιασμένον
ἡγουμένοις	ἡγουμένους
ἡγούμενοι	ἡγούμενον
ἡγούμενοι	ἡγούμενος
ἡγούμενον	ἡγούμενος
ἡδονὴν	ἡδονῶν
ἡλίκην	ἡλίκον
ἡλικίαν	ἡλικίας
ἡμέρα	ἡμέρᾳ
ἡμέραι	ἡμέραν
ἡμέραι	ἡμέρας
ἡμέραν	ἡμέρας
ἡμετέρα	ὑμετέρα
ἡμετέραις	ἡμετέροις
ἡμετέραν	ἡμετέρας
ἡμετέραν	ἡμετέρων
ἡμετέραν	ὑμετέραν
ἡμετέρας	ὑμετέρας
ἡμεῖς	ὑμεῖς
ἡμᾶς	ὑμᾶς
ἡμῖν	ἡμῶν
ἡμῖν	ὑμῖν
ἡμῶν	ὑμῶν
ἡρῴδην	ἡρῴδης
ἡσυχίαν	ἡσυχίας
ἡτοίμασαν	ἡτοίμασας
ἡτοίμασαν	ἡτοίμασεν
ἡτοιμασμένην	ἡτοιμασμένον
ἡτοιμασμένοι	ἡτοιμασμένον
ἢ	ἣ
ἢ	ἤ
ἢ	ἥ
ἢ	ὁ
ἢ	ὃ
ἢ	ὅ
ἢ	ὦ
ἢ	ᾖ
ἢ	ᾗ
ἢ	ᾧ
ἣ	ἤ
ἣ	ἥ
ἣ	ὁ
ἣ	ὃ
ἣ	ὅ
ἣ	ὦ
ἣ	ᾖ
ἣ	ᾗ
ἣ	ᾧ
ἣν	ἥν
ἣν	ἦν
ἣν	ὂν
ἣν	ὃν
ἣν	ὢν
ἣν	ὤν
ἣν	ὧν
ἤ	ἥ
ἤ	ὁ
ἤ	ὃ
ἤ	ὅ
ἤ	ὦ
ἤ	ᾖ
ἤ	ᾗ
ἤ	ᾧ
ἤγαγεν	ἤγαγον
ἤγγιζεν	ἤγγικεν
ἤγγιζεν	ἤγγισεν
ἤγγικεν	ἤγγισεν
ἤγγισαν	ἤγγισεν
ἤγειραν	ἤγειρεν
ἤδη	ἤθη
ἤθελεν	ἤθελες
ἤθελεν	ἤθελον
ἤκουεν	ἤκουον
ἤκουσάς	ἤκουσας
ἤκουσαν	ἤκουσας
ἤκουσαν	ἤκουσεν
ἤλειφεν	ἤλειφον
ἤλειφεν	ἤλειψεν
ἤλθαμεν	ἤλθομεν
ἤμελλεν	ἤμελλον
ἤνεγκαν	ἤνεγκεν
ἤνοιξέν	ἤνοιξεν
ἤπιοι	ἤπιον
ἤρθη	ἤχθη
ἤρξαντο	ἤρξαντό
ἥ	ὁ
ἥ	ὃ
ἥ	ὅ
ἥ	ὦ
ἥ	ᾖ
ἥ	ᾗ
ἥ	ᾧ
ἥκει	ἥξει
ἥκω	ἥξω
ἥλατο	ἥψατο
ἥλιον	ἥλιος
ἥμαρτεν	ἥμαρτες
ἥμαρτεν	ἥμαρτον
ἥν	ἦν
ἥν	ὂν
ἥν	ὃν
ἥν	ὢν
ἥν	ὤν
ἥν	ὧν
ἥψατο	ἥψατό
ἦλθαν	ἦλθεν
ἦλθαν	ἦλθον
ἦλθεν	ἦλθες
ἦλθεν	ἦλθον
ἦμεν	ἦρεν
ἦμεν	ὦμεν
ἦν	ἦς
ἦν	ὂν
ἦν	ὃν
ἦν	ὢν
ἦν	ὤν
ἦν	ὧν
ἦραν	ἦρεν
ἦραν	ἦσαν
ἦραν	ὥραν
ἦρε	ἦτε
ἦς	ἧς
ἦς	ὃς
ἦς	ὅς
ἦς	ὗς
ἦς	ὡς
ἦς	ὥς
ἦς	ᾖς
ἦτε	ὅτε
ἧς	ὃς
ἧς	ὅς
ἧς	ὗς
ἧς	ὡς
ἧς	ὥς
ἧς	ᾖς
ἰάκωβον	ἰάκωβος
ἰάσεις	ἰάσεως
ἰακώβ	ἰακὼβ
ἰδίαις	ἰδίοις
ἰδίαν	ἰδίας
ἰδίαν	ἰδίων
ἰδίοις	ἰδίους
ἰδίᾳ	ἰδίῳ
ἰδού	ἰδοὺ
ἰδόντες	ὀδόντες
ἰδών	ἰδὼν
ἰεριχώ	ἰεριχὼ
ἰερουσαλήμ	ἰερουσαλὴμ
ἰεσσαί	ἰεσσαὶ
ἰεχονίαν	ἰεχονίας
ἰησοῦν	ἰησοῦς
ἰουδαία	ἰουδαίᾳ
ἰουδαία	ἰουδαίῳ
ἰουδαίαν	ἰουδαίας
ἰουδαίαν	ἰουδαίων
ἰουδαίοις	ἰουδαίους
ἰουδαίᾳ	ἰουδαίῳ
ἰουδαῖοί	ἰουδαῖοι
ἰουδαῖοί	ἰουδαῖον
ἰουδαῖοί	ἰουδαῖος
ἰουδαῖοι	ἰουδαῖον
ἰουδαῖοι	ἰουδαῖος
ἰουδαῖον	ἰουδαῖος
ἰουδαῖος	ἰουδαῖός
ἰουλίαν	ἰουνίαν
ἰούδα	ἰούδᾳ
ἰούδαν	ἰούδας
ἰσαάκ	ἰσαὰκ
ἰσκαριώθ	ἰσκαριὼθ
ἰσκαριώτην	ἰσκαριώτης
ἰσραήλ	ἰσραὴλ
ἰσραηλῖταί	ἰσραηλῖται
ἰσχυρά	ἰσχυρὰ
ἰσχυρά	ἰσχυρᾷ
ἰσχυραί	ἰσχυροί
ἰσχυροί	ἰσχυροὶ
ἰσχυροί	ἰσχυροῦ
ἰσχυροὶ	ἰσχυροῦ
ἰσχυρόν	ἰσχυρὰν
ἰσχυρόν	ἰσχυρὸν
ἰσχυρόν	ἰσχυρῶν
ἰσχυρότεροι	ἰσχυρότερον
ἰσχυρότεροι	ἰσχυρότερος
ἰσχυρότερον	ἰσχυρότερος
ἰσχυρότερος	ἰσχυρότερός
ἰσχυρὰ	ἰσχυρᾷ
ἰσχυρὰν	ἰσχυρὸν
ἰσχυρὰν	ἰσχυρῶν
ἰσχυρὸν	ἰσχυρὸς
ἰσχυρὸν	ἰσχυρῶν
ἰσχυρὸς	ἰσχυρᾶς
ἰσχύοντες	ἰσχύοντος
ἰσχύω	ἰσχύϊ
ἰσχὺν	ἰσχὺς
ἰταλίαν	ἰταλίας
ἰχθύας	ἰχθύες
ἰχθύας	ἰχθύος
ἰχθύες	ἰχθύος
ἰχθύν	ἰχθὺν
ἰωάννα	ἰωάννῃ
ἰωάννην	ἰωάννης
ἰωαθάμ	ἰωαθὰμ
ἰωβὴδ	ἰωβὴλ
ἰωνὰμ	ἰωρὰμ
ἰωράμ	ἰωρὰμ
ἰωράμ	ἰωρὶμ
ἰωρὰμ	ἰωρὶμ
ἰωσήφ	ἰωσὴφ
ἰωσίαν	ἰωσίας
ἰωσαφάτ	ἰωσαφὰτ
ἰωσὴφ	ἰωσὴχ
ἰόππην	ἰόππης
ἱερατείαν	ἱερατείας
ἱερεύς	ἱερεὺς
ἱερεύς	ἱερεῖς
ἱερεὺς	ἱερεῖς
ἱερωσύνην	ἱερωσύνης
ἱερόν	ἱερὸν
ἱερὰ	ἱερῷ
ἱκαναί	ἱκαναὶ
ἱκαναί	ἱκανοί
ἱκαναὶ	ἱκανοὶ
ἱκαναῖς	ἱκανοῖς
ἱκανοί	ἱκανοὶ
ἱκανοί	ἱκανοῦ
ἱκανούς	ἱκανοὺς
ἱκανούς	ἱκανοῖς
ἱκανοὶ	ἱκανοῦ
ἱκανοὺς	ἱκανοῖς
ἱκανόν	ἱκανός
ἱκανόν	ἱκανὸν
ἱκανόν	ἱκανῶν
ἱκανός	ἱκανὰς
ἱκανός	ἱκανὸς
ἱκανὰ	ἱκανῷ
ἱκανὰς	ἱκανὸς
ἱκανὸν	ἱκανὸς
ἱκανὸν	ἱκανῶν
ἱμάτιά	ἱμάτια
ἱμάτιον	ἱμάτιόν
ἴδε	ἴδω
ἴδε	ἴδῃ
ἴδε	ὧδε
ἴδετε	ἴδητε
ἴδητέ	ἴδητε
ἴδιοι	ἴδιον
ἴδιοι	ἴδιος
ἴδιον	ἴδιος
ἴδω	ἴδῃ
ἴδῃ	ᾅδῃ
ἴσα	ἴση
ἴσα	ὅσα
ἴσαι	ἴσθι
ἴσαι	ὅσαι
ἴσην	ἴσον
ἴσον	ὅσον
ἴσους	ὅσους
ἴστε	ὥστε
ἴσχυεν	ἴσχυον
ἴσχυσαν	ἴσχυσας
ἴσχυσαν	ἴσχυσεν
ἵλεως	ἵλεώς
ἵπποις	ἵππους
ἵππος	ἵππου
ὀδόντας	ὀδόντες
ὀδόντας	ὀδόντος
ὀδόντες	ὀδόντος
ὀζίαν	ὀζίας
ὀζίας	ὀψίας
ὀλίγα	ὀλίγῳ
ὀλίγαι	ὀλίγας
ὀλίγαι	ὀλίγοι
ὀλίγας	ὀλίγης
ὀλίγας	ὀλίγος
ὀλίγας	ὀλίγως
ὀλίγην	ὀλίγης
ὀλίγην	ὀλίγον
ὀλίγην	ὀλίγων
ὀλίγης	ὀλίγος
ὀλίγης	ὀλίγως
ὀλίγοι	ὀλίγον
ὀλίγοι	ὀλίγος
ὀλίγοι	ὀλίγου
ὀλίγον	ὀλίγος
ὀλίγον	ὀλίγου
ὀλίγον	ὀλίγων
ὀλίγος	ὀλίγου
ὀλίγος	ὀλίγως
ὀλίγων	ὀλίγως
ὀμόσαι	ὀμόσας
ὀμόσας	ὀμόσῃς
ὀνάριον	ὀψάριον
ὀνομάζων	ὀνομάτων
ὀνόματά	ὀνόματί
ὀνόματά	ὀνόματα
ὀνόματά	ὀνόματι
ὀνόματί	ὀνόματα
ὀνόματί	ὀνόματι
ὀνόματα	ὀνόματι
ὀνόματος	ὀνόματός
ὀξεῖα	ὀξεῖς
ὀξύ	ὀξὺ
ὀπτασίαν	ὀπτασίας
ὀργή	ὀργὴ
ὀργή	ὀργῇ
ὀργήν	ὀργὴν
ὀργὴ	ὀργῇ
ὀρθός	ὀρθὰς
ὀρθός	ὀρθῶς
ὀρθὰς	ὀρθῶς
ὀρφανούς	ὀρφανοὺς
ὀσφύας	ὀσφύες
ὀσφύας	ὀσφύος
ὀσφύες	ὀσφύος
ὀφείλετε	ὠφείλετε
ὀφείλομεν	ὠφείλομεν
ὀφθέντες	ὀφθέντος
ὀφθαλμοί	ὀφθαλμοὶ
ὀφθαλμοί	ὀφθαλμοῦ
ὀφθαλμούς	ὀφθαλμοὺς
ὀφθαλμούς	ὀφθαλμοῖς
ὀφθαλμοὶ	ὀφθαλμοῦ
ὀφθαλμοὺς	ὀφθαλμοῖς
ὀφθαλμός	ὀφθαλμὸς
ὀφθαλμὸν	ὀφθαλμὸς
ὀφθαλμὸν	ὀφθαλμῶν
ὁ	ὃ
ὁ	ὅ
ὁ	ὦ
ὁ	ᾖ
ὁ	ᾗ
ὁ	ᾧ
ὁδηγοί	ὁδηγοὶ
ὁδηγοί	ὁδηγοῦ
ὁδηγοὶ	ὁδηγοῦ
ὁδοί	ὁδοὶ
ὁδοί	ὁδοῦ
ὁδούς	ὁδοὺς
ὁδούς	ὁδοῖς
ὁδοὶ	ὁδοῦ
ὁδοὺς	ὁδοῖς
ὁδοῦ	ὁμοῦ
ὁδόν	ὁδὸν
ὁδόν	ὁδῶν
ὁδὸν	ὁδὸς
ὁδὸν	ὁδῶν
ὁδῶν	ὁρῶν
ὁλόκληροι	ὁλόκληρον
ὁμοίας	ὁμοίως
ὁμοιώματα	ὁμοιώματι
ὁμολογήσω	ὁμολογήσῃ
ὁμολογίαν	ὁμολογίας
ὁποῖοί	ὁποῖος
ὁρᾷ	ὁρῶ
ὁρῶν	ὡρῶν
ὂν	ὃν
ὂν	ὢν
ὂν	ὤν
ὂν	ὧν
ὃ	ὅ
ὃ	ὦ
ὃ	ᾖ
ὃ	ᾗ
ὃ	ᾧ
ὃν	ὃς
ὃν	ὢν
ὃν	ὤν
ὃν	ὧν
ὃς	ὅς
ὃς	ὗς
ὃς	ὡς
ὃς	ὥς
ὃς	ᾖς
ὄγδοον	ὄγδοος
ὄγδοος	ὄγδοός
ὄζει	ὄρει
ὄλεθρον	ὄλεθρος
ὄνομά	ὄνομα
ὄνον	ὄνου
ὄντα	ὄντι
ὄντας	ὄντες
ὄντας	ὄντος
ὄντας	ὄντως
ὄντες	ὄντος
ὄντες	ὄντως
ὄντος	ὄντως
ὄντων	ὄντως
ὄξος	ὄρος
ὄξους	ὄρους
ὄρεσιν	ὄφεσιν
ὄρθρον	ὄρθρου
ὄφεις	ὄφεως
ὄφελον	ὄφελος
ὄφελον	ὄφελόν
ὄφεων	ὄφεως
ὄφιν	ὄφις
ὄφιν	ὄψιν
ὄφις	ὄψις
ὄχλοι	ὄχλον
ὄχλοι	ὄχλος
ὄχλοι	ὄχλου
ὄχλοις	ὄχλους
ὄχλον	ὄχλος
ὄχλον	ὄχλου
ὄχλον	ὄχλων
ὄχλος	ὄχλου
ὄψεσθέ	ὄψεσθε
ὄψεσθε	ὄψησθε
ὄψιν	ὄψις
ὅ	ὦ
ὅ	ᾖ
ὅ	ᾗ
ὅ	ᾧ
ὅλη	ὅλῃ
ὅλη	ὅλῳ
ὅλην	ὅλης
ὅλην	ὅλον
ὅλην	ὕλην
ὅλης	ὅλος
ὅλης	ὅλως
ὅλον	ὅλος
ὅλον	ὅλου
ὅλον	ὅσον
ὅλος	ὅλου
ὅλος	ὅλως
ὅλου	ὅπου
ὅλου	ὅτου
ὅλους	ὅσους
ὅλως	ὅμως
ὅλως	ὅπως
ὅλῃ	ὅλῳ
ὅλῳ	ὅσῳ
ὅμοιαι	ὅμοιοι
ὅμοιοί	ὅμοιοι
ὅμοιοί	ὅμοιον
ὅμοιοί	ὅμοιος
ὅμοιοι	ὅμοιον
ὅμοιοι	ὅμοιος
ὅμοιον	ὅμοιος
ὅμοιος	ὅμοιός
ὅμως	ὅπως
ὅπου	ὅτου
ὅρα	ὅσα
ὅρα	ὥρα
ὅρια	ὅσια
ὅρκον	ὅρκος
ὅρκον	ὅρκου
ὅρκος	ὅρκου
ὅς	ὗς
ὅς	ὡς
ὅς	ὥς
ὅς	ᾖς
ὅσα	ὅσῳ
ὅσαι	ὅσοι
ὅσιον	ὅσιος
ὅσιον	ὅσιόν
ὅσοι	ὅσον
ὅσον	ὅσων
ὅτε	ὅτι
ὑγιής	ὑγιὴς
ὑγιαίνοντας	ὑγιαίνοντες
ὑδρίαι	ὑδρίαν
ὑδρίαι	ὑδρίας
ὑδρίαν	ὑδρίας
ὑετόν	ὑετὸν
ὑετὸν	ὑετὸς
ὑμέτερον	ὑμέτερος
ὑμετέρα	ὑμετέρᾳ
ὑμετέρα	ὑμετέρῳ
ὑμετέραν	ὑμετέρας
ὑμετέρᾳ	ὑμετέρῳ
ὑμῖν	ὑμῶν
ὑμῶν	ὑψῶν
ὑπ	ὑφ
ὑπάγειν	ὑπάγεις
ὑπάγετε	ὑπάγητε
ὑπάγοντας	ὑπάγοντες
ὑπάγω	ὑπάγῃ
ὑπάρχοντά	ὑπάρχοντα
ὑπάρχοντας	ὑπάρχοντες
ὑπάρχοντας	ὑπάρχοντος
ὑπάρχοντες	ὑπάρχοντος
ὑπέμεινάν	ὑπέμεινεν
ὑπέστρεψαν	ὑπέστρεψεν
ὑπήκοοί	ὑπήκοοι
ὑπήκοοί	ὑπήκοος
ὑπήκοοι	ὑπήκοος
ὑπήκουσαν	ὑπήκουσεν
ὑπήντησαν	ὑπήντησεν
ὑπακοή	ὑπακοὴ
ὑπακοή	ὑπακοῇ
ὑπακοήν	ὑπακοὴν
ὑπακοὴ	ὑπακοῇ
ὑπερβολὴ	ὑπερβολῇ
ὑπερηφάνοις	ὑπερηφάνους
ὑπηρέται	ὑπηρέτας
ὑποδείγματα	ὑποδείγματι
ὑποκρίσεις	ὑποκρίσεως
ὑποκριταί	ὑποκριταὶ
ὑπομονήν	ὑπομονὴν
ὑπομονὴ	ὑπομονῇ
ὑποπόδιον	ὑποπόδιόν
ὑποτάξαντα	ὑποτάξαντι
ὑποτάσσεσθε	ὑποτάσσησθε
ὑποτασσόμεναι	ὑποτασσόμενοι
ὑποτασσόμενοι	ὑποτασσόμενος
ὑπωπιάζω	ὑπωπιάζῃ
ὑπό	ὑπὸ
ὑπόκρισιν	ὑπόκρισις
ὑπῆρχεν	ὑπῆρχον
ὑστέρημά	ὑστέρημα
ὑστέρημα	ὑστέρησα
ὑψηλόν	ὑψηλὸν
ὕδατα	ὕδατι
ὗς	ὡς
ὗς	ὥς
ὗς	ᾖς
ὠδὶν	ὠσὶν
ὠσίν	ὠσὶν
ὠτίον	ὠτίου
ὠφέλιμος	ὠφέλιμός
ὡρισμένον	ὡρισμένος
ὡς	ὥς
ὡς	ᾖς
ὡσαννά	ὡσαννὰ
ὢν	ὤν
ὢν	ὧν
ὤν	ὧν
ὤφειλεν	ὤφειλον
ὥρα	ὥρᾳ
ὥραν	ὥρας
ὥρισαν	ὥρισεν
ὥρμησάν	ὥρμησαν
ὥρμησάν	ὥρμησεν
ὥρμησαν	ὥρμησεν
ὥς	ᾖς
ὦ	ᾖ
ὦ	ᾗ
ὦ	ᾧ
ὦτά	ὦτα
ὧδέ	ὧδε
ᾅδην	ᾅδης
ᾐτήσατε	ᾐτήσατο
ᾔδειν	ᾔδεις
ᾖ	ᾗ
ᾖ	ᾧ
ᾗ	ᾧ
ῥάβδον	ῥάβδος
ῥάβδον	ῥάβδου
ῥάβδος	ῥάβδου
ῥήματά	ῥήματί
ῥήματά	ῥήματα
ῥήματά	ῥήματι
ῥήματί	ῥήματα
ῥήματί	ῥήματι
ῥήματα	ῥήματι
ῥίζαν	ῥίψαν
ῥίψαν	ῥίψας
ῥοβοάμ	ῥοβοὰμ
ῥομφαία	ῥομφαίᾳ
ῥυόμενον	ῥυόμενος
ῥωμαίοις	ῥωμαίους
ῥωμαῖοί	ῥωμαῖοι
ῥωμαῖοί	ῥωμαῖον
ῥωμαῖοί	ῥωμαῖος
ῥωμαῖοι	ῥωμαῖον
ῥωμαῖοι	ῥωμαῖος
ῥωμαῖον	ῥωμαῖος
ῥωμαῖος	ῥωμαῖός
ῥύμην	ῥώμην
ῥύσεταί	ῥύσεται
ῥώμην	ῥώμης
ῥῆμά	ῥῆμα
